-0.2313819,-0.2037243,-0.1621929,-0.1335198,-0.1118629,-0.9472796E-1,-0.8079535E-1,-0.6925296E-1,-0.5955593E-1,-0.5131938E-1,-0.4426132E-1,-0.3816959E-1,-0.3288136E-1,-0.2826997E-1,-0.2423574E-1,-0.2069968E-1,-0.1759865E-1,-0.1488170E-1,-0.1250692E-1,-0.1043889E-1,-0.8646459E-2,-0.7101121E-2,-0.5775976E-2,-0.4645350E-2,-0.3684853E-2,-0.2871740E-2,-0.2185247E-2,-0.1606844E-2,-0.1120289E-2,-0.7115594E-3,-0.3686838E-3,-0.8149764E-4,0.1585790E-3,0.3587833E-3,0.5252069E-3,0.6629857E-3,0.7764518E-3,0.8692614E-3,0.9445045E-3,0.1004798E-2,0.1052364E-2,0.1089090E-2,0.1116582E-2,0.1136211E-2,0.1149148E-2,0.1156396E-2,0.1158813E-2,0.1157136E-2,0.1151997E-2,0.1143942E-2,0.1133438E-2,0.1120889E-2,0.1106642E-2,0.1090997E-2,0.1074212E-2,0.1056509E-2,0.1038080E-2,0.1019088E-2,0.9996764E-3,0.9799671E-3,0.9600616E-3,0.9400506E-3,0.9200096E-3,0.9000024E-3,0.8800838E-3,0.8602989E-3,0.8406849E-3,0.8212745E-3,0.8020910E-3,0.7831565E-3,0.7644860E-3,0.7460913E-3,0.7279818E-3,0.7101623E-3,0.6926373E-3,0.6754066E-3,0.6584693E-3,0.6418240E-3,0.6254665E-3,0.6093933E-3,0.5935988E-3,0.5780773E-3,0.5628237E-3,0.5478330E-3,0.5330995E-3,0.5186191E-3,0.5043870E-3,0.4903993E-3,0.4766527E-3,0.4631420E-3
-0.2308695,-0.2032935,-0.1618648,-0.1332606,-0.1116543,-0.9455798E-1,-0.8065563E-1,-0.6913736E-1,-0.5945982E-1,-0.5123919E-1,-0.4419426E-1,-0.3811339E-1,-0.3283426E-1,-0.2823047E-1,-0.2420265E-1,-0.2067199E-1,-0.1757554E-1,-0.1486246E-1,-0.1249096E-1,-0.1042569E-1,-0.8635586E-2,-0.7092202E-2,-0.5768684E-2,-0.4639415E-2,-0.3680044E-2,-0.2867862E-2,-0.2182139E-2,-0.1604371E-2,-0.1118339E-2,-0.7100390E-3,-0.3675174E-3,-0.8062194E-4,0.1592163E-3,0.3592252E-3,0.5254889E-3,0.6631377E-3,0.7764982E-3,0.8692223E-3,0.9443969E-3,0.1004635E-2,0.1052159E-2,0.1088850E-2,0.1116317E-2,0.1135927E-2,0.1148850E-2,0.1156089E-2,0.1158500E-2,0.1156821E-2,0.1151682E-2,0.1143628E-2,0.1133128E-2,0.1120584E-2,0.1106343E-2,0.1090705E-2,0.1073926E-2,0.1056231E-2,0.1037809E-2,0.1018826E-2,0.9994229E-3,0.9797208E-3,0.9598243E-3,0.9398217E-3,0.9197886E-3,0.8997892E-3,0.8798787E-3,0.8601008E-3,0.8404945E-3,0.8210910E-3,0.8019147E-3,0.7829868E-3,0.7643232E-3,0.7459348E-3,0.7278313E-3,0.7100177E-3,0.6924985E-3,0.6752731E-3,0.6583412E-3,0.6417010E-3,0.6253488E-3,0.6092798E-3,0.5934901E-3,0.5779727E-3,0.5627237E-3,0.5477371E-3,0.5330073E-3,0.5185306E-3,0.5043023E-3,0.4903179E-3,0.4765747E-3,0.4630673E-3
-0.2292872,-0.2019633,-0.1608512,-0.1324603,-0.1110099,-0.9403276E-1,-0.8022385E-1,-0.6878009E-1,-0.5916276E-1,-0.5099131E-1,-0.4398691E-1,-0.3793967E-1,-0.3268859E-1,-0.2810833E-1,-0.2410032E-1,-0.2058639E-1,-0.1750409E-1,-0.1480297E-1,-0.1244160E-1,-0.1038488E-1,-0.8601962E-2,-0.7064604E-2,-0.5746128E-2,-0.4621054E-2,-0.3665164E-2,-0.2855864E-2,-0.2172522E-2,-0.1596719E-2,-0.1112304E-2,-0.7053360E-3,-0.3639094E-3,-0.7791362E-4,0.1611865E-3,0.3605907E-3,0.5263604E-3,0.6636062E-3,0.7766397E-3,0.8690996E-3,0.9440614E-3,0.1004131E-2,0.1051520E-2,0.1088108E-2,0.1115495E-2,0.1135046E-2,0.1147927E-2,0.1155137E-2,0.1157532E-2,0.1155844E-2,0.1150704E-2,0.1142657E-2,0.1132167E-2,0.1119638E-2,0.1105415E-2,0.1089797E-2,0.1073041E-2,0.1055369E-2,0.1036972E-2,0.1018014E-2,0.9986357E-3,0.9789597E-3,0.9590887E-3,0.9391109E-3,0.9191031E-3,0.8991286E-3,0.8792419E-3,0.8594879E-3,0.8399043E-3,0.8205228E-3,0.8013687E-3,0.7824614E-3,0.7638178E-3,0.7454496E-3,0.7273647E-3,0.7095697E-3,0.6920680E-3,0.6748596E-3,0.6579444E-3,0.6413199E-3,0.6249827E-3,0.6089285E-3,0.5931527E-3,0.5776491E-3,0.5624131E-3,0.5474390E-3,0.5327215E-3,0.5182565E-3,0.5040393E-3,0.4900657E-3,0.4763332E-3,0.4628358E-3
-0.2265769,-0.1996843,-0.1591144,-0.1310882,-0.1099051,-0.9313209E-1,-0.7948323E-1,-0.6816714E-1,-0.5865307E-1,-0.5056592E-1,-0.4363099E-1,-0.3764141E-1,-0.3243845E-1,-0.2789858E-1,-0.2392456E-1,-0.2043934E-1,-0.1738132E-1,-0.1470077E-1,-0.1235677E-1,-0.1031473E-1,-0.8544165E-2,-0.7017168E-2,-0.5707352E-2,-0.4589488E-2,-0.3639584E-2,-0.2835239E-2,-0.2155990E-2,-0.1583562E-2,-0.1101929E-2,-0.6972516E-3,-0.3577087E-3,-0.7326014E-4,0.1645703E-3,0.3629344E-3,0.5278538E-3,0.6644066E-3,0.7768772E-3,0.8688821E-3,0.9434787E-3,0.1003257E-2,0.1050416E-2,0.1086825E-2,0.1114076E-2,0.1133524E-2,0.1146333E-2,0.1153494E-2,0.1155858E-2,0.1154157E-2,0.1149017E-2,0.1140980E-2,0.1130509E-2,0.1118004E-2,0.1103813E-2,0.1088230E-2,0.1071512E-2,0.1053881E-2,0.1035526E-2,0.1016611E-2,0.9972771E-3,0.9776452E-3,0.9578180E-3,0.9378846E-3,0.9179194E-3,0.8979871E-3,0.8781422E-3,0.8584287E-3,0.8388849E-3,0.8195422E-3,0.8004245E-3,0.7815541E-3,0.7629458E-3,0.7446111E-3,0.7265589E-3,0.7087955E-3,0.6913241E-3,0.6741454E-3,0.6572583E-3,0.6406613E-3,0.6243503E-3,0.6083216E-3,0.5925702E-3,0.5770901E-3,0.5618766E-3,0.5469243E-3,0.5322279E-3,0.5177830E-3,0.5035851E-3,0.4896304E-3,0.4759156E-3,0.4624356E-3
-0.2226967,-0.1964199,-0.1566255,-0.1291215,-0.1083207,-0.9184008E-1,-0.7842043E-1,-0.6728730E-1,-0.5792116E-1,-0.4995492E-1,-0.4311964E-1,-0.3721277E-1,-0.3207889E-1,-0.2759697E-1,-0.2367179E-1,-0.2022782E-1,-0.1720471E-1,-0.1455369E-1,-0.1223469E-1,-0.1021375E-1,-0.8460962E-2,-0.6948872E-2,-0.5651520E-2,-0.4544034E-2,-0.3602747E-2,-0.2805534E-2,-0.2132181E-2,-0.1564616E-2,-0.1086991E-2,-0.6856127E-3,-0.3487835E-3,-0.6656515E-4,0.1694351E-3,0.3662998E-3,0.5299936E-3,0.6655469E-3,0.7772063E-3,0.8685549E-3,0.9426239E-3,0.1001982E-2,0.1048810E-2,0.1084961E-2,0.1112014E-2,0.1131316E-2,0.1144019E-2,0.1151110E-2,0.1153432E-2,0.1151711E-2,0.1146571E-2,0.1138548E-2,0.1128105E-2,0.1115637E-2,0.1101490E-2,0.1085958E-2,0.1069296E-2,0.1051723E-2,0.1033430E-2,0.1014578E-2,0.9953072E-3,0.9757396E-3,0.9559763E-3,0.9361056E-3,0.9162033E-3,0.8963327E-3,0.8765481E-3,0.8568933E-3,0.8374064E-3,0.8181193E-3,0.7990563E-3,0.7802381E-3,0.7616806E-3,0.7433950E-3,0.7253903E-3,0.7076729E-3,0.6902457E-3,0.6731093E-3,0.6562633E-3,0.6397059E-3,0.6234332E-3,0.6074408E-3,0.5917250E-3,0.5762790E-3,0.5610982E-3,0.5461774E-3,0.5315113E-3,0.5170957E-3,0.5029262E-3,0.4889985E-3,0.4753101E-3,0.4618552E-3
-0.2176230,-0.1921490,-0.1533674,-0.1265455,-0.1062445,-0.9014612E-1,-0.7702643E-1,-0.6613274E-1,-0.5696033E-1,-0.4915250E-1,-0.4244781E-1,-0.3664941E-1,-0.3160614E-1,-0.2720031E-1,-0.2333924E-1,-0.1994946E-1,-0.1697221E-1,-0.1436005E-1,-0.1207392E-1,-0.1008075E-1,-0.8351343E-2,-0.6858882E-2,-0.5577940E-2,-0.4484125E-2,-0.3554189E-2,-0.2766379E-2,-0.2100795E-2,-0.1539642E-2,-0.1067302E-2,-0.6702762E-3,-0.3370276E-3,-0.5775186E-4,0.1758330E-3,0.3707187E-3,0.5327941E-3,0.6670281E-3,0.7776155E-3,0.8680978E-3,0.9414714E-3,0.1000274E-2,0.1046664E-2,0.1082474E-2,0.1109267E-2,0.1128375E-2,0.1140940E-2,0.1147936E-2,0.1150203E-2,0.1148457E-2,0.1143316E-2,0.1135313E-2,0.1124906E-2,0.1112488E-2,0.1098401E-2,0.1082936E-2,0.1066348E-2,0.1048853E-2,0.1030641E-2,0.1011873E-2,0.9926867E-3,0.9732040E-3,0.9535254E-3,0.9337393E-3,0.9139201E-3,0.8941310E-3,0.8744260E-3,0.8548496E-3,0.8354395E-3,0.8162262E-3,0.7972353E-3,0.7784865E-3,0.7599965E-3,0.7417760E-3,0.7238346E-3,0.7061781E-3,0.6888096E-3,0.6717300E-3,0.6549386E-3,0.6384337E-3,0.6222118E-3,0.6062685E-3,0.5905994E-3,0.5751987E-3,0.5600615E-3,0.5451830E-3,0.5305572E-3,0.5161806E-3,0.5020487E-3,0.4881571E-3,0.4745032E-3,0.4610819E-3
-0.2113554,-0.1868689,-0.1493365,-0.1233562,-0.1036723,-0.8804621E-1,-0.7529723E-1,-0.6469975E-1,-0.5576711E-1,-0.4815544E-1,-0.4161263E-1,-0.3594874E-1,-0.3101794E-1,-0.2670655E-1,-0.2292512E-1,-0.1960268E-1,-0.1668248E-1,-0.1411864E-1,-0.1187344E-1,-0.9914849E-2,-0.8214579E-2,-0.6746585E-2,-0.5486105E-2,-0.4409342E-2,-0.3493570E-2,-0.2717493E-2,-0.2061610E-2,-0.1508464E-2,-0.1042727E-2,-0.6511388E-3,-0.3223653E-3,-0.4676830E-4,0.1837964E-3,0.3762065E-3,0.5362578E-3,0.6688411E-3,0.7780874E-3,0.8674846E-3,0.9399867E-3,0.9980953E-3,0.1043937E-2,0.1079320E-2,0.1105787E-2,0.1124653E-2,0.1137045E-2,0.1143925E-2,0.1146122E-2,0.1144344E-2,0.1139203E-2,0.1131227E-2,0.1120865E-2,0.1108510E-2,0.1094498E-2,0.1079119E-2,0.1062623E-2,0.1045228E-2,0.1027118E-2,0.1008455E-2,0.9893755E-3,0.9700004E-3,0.9504288E-3,0.9307485E-3,0.9110342E-3,0.8913484E-3,0.8717441E-3,0.8522665E-3,0.8329524E-3,0.8138326E-3,0.7949323E-3,0.7762716E-3,0.7578674E-3,0.7397293E-3,0.7218674E-3,0.7042878E-3,0.6869935E-3,0.6699855E-3,0.6532631E-3,0.6368246E-3,0.6206667E-3,0.6047853E-3,0.5891757E-3,0.5738321E-3,0.5587501E-3,0.5439245E-3,0.5293499E-3,0.5150227E-3,0.5009380E-3,0.4870920E-3,0.4734822E-3,0.4601031E-3
-0.2039183,-0.1805975,-0.1445443,-0.1195613,-0.1006091,-0.8554342E-1,-0.7323471E-1,-0.6298926E-1,-0.5434186E-1,-0.4696372E-1,-0.4061373E-1,-0.3511023E-1,-0.3031357E-1,-0.2611498E-1,-0.2242873E-1,-0.1918683E-1,-0.1633487E-1,-0.1382891E-1,-0.1163273E-1,-0.9715592E-2,-0.8050273E-2,-0.6611636E-2,-0.5375719E-2,-0.4319437E-2,-0.3420682E-2,-0.2658710E-2,-0.2014491E-2,-0.1470979E-2,-0.1013185E-2,-0.6281428E-3,-0.3047576E-3,-0.3359144E-4,0.1933347E-3,0.3827616E-3,0.5403726E-3,0.6709656E-3,0.7785947E-3,0.8666845E-3,0.9381346E-3,0.9954053E-3,0.1040586E-2,0.1075454E-2,0.1101529E-2,0.1120102E-2,0.1132285E-2,0.1139026E-2,0.1141138E-2,0.1139324E-2,0.1134184E-2,0.1126239E-2,0.1115934E-2,0.1103655E-2,0.1089735E-2,0.1074460E-2,0.1058078E-2,0.1040803E-2,0.1022819E-2,0.1004283E-2,0.9853346E-3,0.9660895E-3,0.9466488E-3,0.9270976E-3,0.9075114E-3,0.8879509E-3,0.8684699E-3,0.8491123E-3,0.8299153E-3,0.8109097E-3,0.7921204E-3,0.7735669E-3,0.7552661E-3,0.7372286E-3,0.7194642E-3,0.7019783E-3,0.6847748E-3,0.6678538E-3,0.6512158E-3,0.6348584E-3,0.6187785E-3,0.6029723E-3,0.5874353E-3,0.5721616E-3,0.5571470E-3,0.5423861E-3,0.5278740E-3,0.5136067E-3,0.4995799E-3,0.4857899E-3,0.4722336E-3,0.4589062E-3
-0.1953645,-0.1733756,-0.1390195,-0.1151815,-0.9707014E-1,-0.8264906E-1,-0.7084730E-1,-0.6100756E-1,-0.5268916E-1,-0.4558068E-1,-0.3945361E-1,-0.3413565E-1,-0.2949437E-1,-0.2542650E-1,-0.2185067E-1,-0.1870227E-1,-0.1592963E-1,-0.1349097E-1,-0.1135186E-1,-0.9482994E-2,-0.7858397E-2,-0.6453992E-2,-0.5246739E-2,-0.4214361E-2,-0.3335486E-2,-0.2589993E-2,-0.1959411E-2,-0.1427162E-2,-0.9786634E-3,-0.6012833E-3,-0.2842077E-3,-0.1823169E-4,0.2044306E-3,0.3903611E-3,0.5451107E-3,0.6733694E-3,0.7791009E-3,0.8656562E-3,0.9358731E-3,0.9921595E-3,0.1036564E-2,0.1070829E-2,0.1096442E-2,0.1114674E-2,0.1126612E-2,0.1133189E-2,0.1135205E-2,0.1133348E-2,0.1128211E-2,0.1120304E-2,0.1110067E-2,0.1097878E-2,0.1084068E-2,0.1068917E-2,0.1052670E-2,0.1035538E-2,0.1017702E-2,0.9993193E-3,0.9805246E-3,0.9614352E-3,0.9421489E-3,0.9227517E-3,0.9033165E-3,0.8839053E-3,0.8645709E-3,0.8453561E-3,0.8262982E-3,0.8074281E-3,0.7887703E-3,0.7703445E-3,0.7521673E-3,0.7342492E-3,0.7166003E-3,0.6992260E-3,0.6821300E-3,0.6653132E-3,0.6487750E-3,0.6325141E-3,0.6165272E-3,0.6008108E-3,0.5853602E-3,0.5701695E-3,0.5552349E-3,0.5405513E-3,0.5261135E-3,0.5119178E-3,0.4979600E-3,0.4842362E-3,0.4707440E-3,0.4574781E-3
-0.1857766,-0.1652684,-0.1328088,-0.1102516,-0.9308173E-1,-0.7938324E-1,-0.6815041E-1,-0.5876653E-1,-0.5081833E-1,-0.4401356E-1,-0.3813784E-1,-0.3302937E-1,-0.2856368E-1,-0.2464373E-1,-0.2119295E-1,-0.1815057E-1,-0.1546794E-1,-0.1310574E-1,-0.1103150E-1,-0.9217573E-2,-0.7639356E-2,-0.6273964E-2,-0.5099394E-2,-0.4094298E-2,-0.3238115E-2,-0.2511450E-2,-0.1896454E-2,-0.1377089E-2,-0.9392260E-3,-0.5706160E-3,-0.2607663E-3,-0.7372694E-6,0.2170376E-3,0.3989584E-3,0.5504262E-3,0.6760061E-3,0.7795600E-3,0.8643537E-3,0.9331535E-3,0.9883108E-3,0.1031824E-2,0.1065396E-2,0.1090480E-2,0.1108319E-2,0.1119977E-2,0.1126367E-2,0.1128273E-2,0.1126369E-2,0.1121235E-2,0.1113375E-2,0.1103217E-2,0.1091136E-2,0.1077453E-2,0.1062447E-2,0.1046357E-2,0.1029391E-2,0.1011729E-2,0.9935232E-3,0.9749085E-3,0.9559998E-3,0.9368937E-3,0.9176754E-3,0.8984171E-3,0.8791794E-3,0.8600153E-3,0.8409669E-3,0.8220713E-3,0.8033593E-3,0.7848548E-3,0.7665774E-3,0.7485444E-3,0.7307660E-3,0.7132515E-3,0.6960075E-3,0.6790371E-3,0.6623411E-3,0.6459197E-3,0.6297718E-3,0.6138936E-3,0.5982815E-3,0.5829317E-3,0.5678381E-3,0.5529972E-3,0.5384036E-3,0.5240527E-3,0.5099404E-3,0.4960633E-3,0.4824172E-3,0.4689996E-3,0.4558057E-3
-0.1752672,-0.1563663,-0.1259777,-0.1048208,-0.8868148E-1,-0.7577512E-1,-0.6516682E-1,-0.5628414E-1,-0.4874344E-1,-0.4227353E-1,-0.3667527E-1,-0.3179836E-1,-0.2752708E-1,-0.2377107E-1,-0.2045908E-1,-0.1753451E-1,-0.1495202E-1,-0.1267496E-1,-0.1067304E-1,-0.8920421E-2,-0.7394006E-2,-0.6072222E-2,-0.4934215E-2,-0.3959662E-2,-0.3128904E-2,-0.2423348E-2,-0.1825837E-2,-0.1320932E-2,-0.8950143E-3,-0.5362614E-3,-0.2345364E-3,0.1880286E-4,0.2310771E-3,0.4084830E-3,0.5562535E-3,0.6788152E-3,0.7799142E-3,0.8627208E-3,0.9299236E-3,0.9838066E-3,0.1026315E-2,0.1059105E-2,0.1083593E-2,0.1100990E-2,0.1112333E-2,0.1118513E-2,0.1120296E-2,0.1118341E-2,0.1113214E-2,0.1105407E-2,0.1095342E-2,0.1083384E-2,0.1069849E-2,0.1055009E-2,0.1039099E-2,0.1022324E-2,0.1004860E-2,0.9868585E-3,0.9684497E-3,0.9497481E-3,0.9308489E-3,0.9118359E-3,0.8927801E-3,0.8737419E-3,0.8547725E-3,0.8359154E-3,0.8172059E-3,0.7986753E-3,0.7803463E-3,0.7622401E-3,0.7443721E-3,0.7267537E-3,0.7093942E-3,0.6922992E-3,0.6754731E-3,0.6589165E-3,0.6426296E-3,0.6266111E-3,0.6108576E-3,0.5953656E-3,0.5801318E-3,0.5651499E-3,0.5504166E-3,0.5359265E-3,0.5216756E-3,0.5076597E-3,0.4938752E-3,0.4803184E-3,0.4669868E-3,0.4538763E-3
-0.1639789,-0.1467842,-0.1186103,-0.9895267E-1,-0.8391865E-1,-0.7186312E-1,-0.6192686E-1,-0.5358435E-1,-0.4648361E-1,-0.4037583E-1,-0.3507815E-1,-0.3045249E-1,-0.2639244E-1,-0.2281488E-1,-0.1965417E-1,-0.1685818E-1,-0.1438514E-1,-0.1220126E-1,-0.1027859E-1,-0.8593223E-2,-0.7123691E-2,-0.5849839E-2,-0.4752062E-2,-0.3811141E-2,-0.3008403E-2,-0.2326125E-2,-0.1747912E-2,-0.1258979E-2,-0.8462633E-3,-0.4984103E-3,-0.2056763E-3,0.4025543E-4,0.2464355E-3,0.4188369E-3,0.5625073E-3,0.6817201E-3,0.7800944E-3,0.8606953E-3,0.9261243E-3,0.9785921E-3,0.1019984E-2,0.1051906E-2,0.1075733E-2,0.1092639E-2,0.1103634E-2,0.1109583E-2,0.1111231E-2,0.1109221E-2,0.1104105E-2,0.1096361E-2,0.1086402E-2,0.1074584E-2,0.1061217E-2,0.1046565E-2,0.1030859E-2,0.1014301E-2,0.9970616E-3,0.9792896E-3,0.9611149E-3,0.9426475E-3,0.9239823E-3,0.9052018E-3,0.8863748E-3,0.8675619E-3,0.8488142E-3,0.8301731E-3,0.8116743E-3,0.7933491E-3,0.7752197E-3,0.7573068E-3,0.7396262E-3,0.7221889E-3,0.7050048E-3,0.6880795E-3,0.6714172E-3,0.6550185E-3,0.6388840E-3,0.6230120E-3,0.6074003E-3,0.5920451E-3,0.5769427E-3,0.5620879E-3,0.5474767E-3,0.5331047E-3,0.5189670E-3,0.5050606E-3,0.4913815E-3,0.4779261E-3,0.4646925E-3,0.4516761E-3
-0.1520820,-0.1366600,-0.1108078,-0.9272453E-1,-0.7885318E-1,-0.6769446E-1,-0.5846789E-1,-0.5069699E-1,-0.4406278E-1,-0.3833972E-1,-0.3336200E-1,-0.2900430E-1,-0.2516995E-1,-0.2178337E-1,-0.1878487E-1,-0.1612697E-1,-0.1377166E-1,-0.1168816E-1,-0.9850984E-2,-0.8238250E-2,-0.6830242E-2,-0.5608290E-2,-0.4554115E-2,-0.3649681E-2,-0.2877371E-2,-0.2220394E-2,-0.1663173E-2,-0.1191627E-2,-0.7932940E-3,-0.4573264E-3,-0.1744023E-3,0.6344188E-4,0.2629640E-3,0.4298945E-3,0.5690804E-3,0.6846284E-3,0.7800200E-3,0.8582054E-3,0.9216907E-3,0.9726087E-3,0.1012778E-2,0.1043749E-2,0.1066852E-2,0.1083222E-2,0.1093836E-2,0.1099535E-2,0.1101039E-2,0.1098971E-2,0.1093870E-2,0.1086200E-2,0.1076361E-2,0.1064701E-2,0.1051521E-2,0.1037081E-2,0.1021604E-2,0.1005288E-2,0.9883004E-3,0.9707863E-3,0.9528722E-3,0.9346674E-3,0.9162639E-3,0.8977430E-3,0.8791732E-3,0.8606127E-3,0.8421128E-3,0.8237135E-3,0.8054514E-3,0.7873555E-3,0.7694494E-3,0.7517535E-3,0.7342834E-3,0.7170496E-3,0.7000621E-3,0.6833269E-3,0.6668480E-3,0.6506267E-3,0.6346632E-3,0.6189564E-3,0.6035037E-3,0.5883020E-3,0.5733475E-3,0.5586352E-3,0.5441612E-3,0.5299214E-3,0.5159116E-3,0.5021283E-3,0.4885677E-3,0.4752268E-3,0.4621032E-3,0.4491927E-3
-0.1397704,-0.1261519,-0.1026872,-0.8622585E-1,-0.7355491E-1,-0.6332435E-1,-0.5483398E-1,-0.4765744E-1,-0.4150941E-1,-0.3618824E-1,-0.3154551E-1,-0.2746897E-1,-0.2387195E-1,-0.2068662E-1,-0.1785936E-1,-0.1534754E-1,-0.1311700E-1,-0.1114006E-1,-0.9393780E-2,-0.7858398E-2,-0.6515991E-2,-0.5349451E-2,-0.4341888E-2,-0.3476500E-2,-0.2736787E-2,-0.2106942E-2,-0.1572255E-2,-0.1119390E-2,-0.7365238E-3,-0.4133468E-3,-0.1409888E-3,0.8813768E-4,0.2804780E-3,0.4415031E-3,0.5758453E-3,0.6874328E-3,0.7795995E-3,0.8551721E-3,0.9165554E-3,0.9657958E-3,0.1004642E-2,0.1034585E-2,0.1056905E-2,0.1072696E-2,0.1082902E-2,0.1088331E-2,0.1089681E-2,0.1087557E-2,0.1082476E-2,0.1074889E-2,0.1065186E-2,0.1053702E-2,0.1040732E-2,0.1026526E-2,0.1011304E-2,0.9952562E-3,0.9785476E-3,0.9613193E-3,0.9436947E-3,0.9257805E-3,0.9076672E-3,0.8894348E-3,0.8711492E-3,0.8528690E-3,0.8346431E-3,0.8165126E-3,0.7985126E-3,0.7806718E-3,0.7630141E-3,0.7455588E-3,0.7283220E-3,0.7113141E-3,0.6945452E-3,0.6780213E-3,0.6617466E-3,0.6457224E-3,0.6299490E-3,0.6144258E-3,0.5991501E-3,0.5841191E-3,0.5693292E-3,0.5547755E-3,0.5404548E-3,0.5263627E-3,0.5124949E-3,0.4988487E-3,0.4854203E-3,0.4722069E-3,0.4592061E-3,0.4464141E-3
-0.1272562,-0.1154335,-0.9437726E-1,-0.7955584E-1,-0.6810177E-1,-0.5881454E-1,-0.5107460E-1,-0.4450554E-1,-0.3885584E-1,-0.3394767E-1,-0.2965010E-1,-0.2586400E-1,-0.2251275E-1,-0.1953633E-1,-0.1688724E-1,-0.1452774E-1,-0.1242756E-1,-0.1056218E-1,-0.8911232E-2,-0.7457111E-2,-0.6183734E-2,-0.5075586E-2,-0.4117206E-2,-0.3293076E-2,-0.2587843E-2,-0.1986732E-2,-0.1475934E-2,-0.1042894E-2,-0.6764571E-3,-0.3668804E-3,-0.1057673E-3,0.1140735E-3,0.2987578E-3,0.4534834E-3,0.5826548E-3,0.6900120E-3,0.7787317E-3,0.8515104E-3,0.9106447E-3,0.9580914E-3,0.9955218E-3,0.1024366E-2,0.1045849E-2,0.1061023E-2,0.1070793E-2,0.1075938E-2,0.1077129E-2,0.1074947E-2,0.1069892E-2,0.1062401E-2,0.1052849E-2,0.1041562E-2,0.1028822E-2,0.1014875E-2,0.9999335E-3,0.9841813E-3,0.9677791E-3,0.9508648E-3,0.9335579E-3,0.9159633E-3,0.8981694E-3,0.8802525E-3,0.8622803E-3,0.8443077E-3,0.8263838E-3,0.8085488E-3,0.7908369E-3,0.7732773E-3,0.7558920E-3,0.7387019E-3,0.7217220E-3,0.7049629E-3,0.6884349E-3,0.6721441E-3,0.6560943E-3,0.6402874E-3,0.6247240E-3,0.6094035E-3,0.5943230E-3,0.5794807E-3,0.5648726E-3,0.5504940E-3,0.5363425E-3,0.5224133E-3,0.5087029E-3,0.4952083E-3,0.4819261E-3,0.4688535E-3,0.4559887E-3,0.4433278E-3
-0.1147621,-0.1046883,-0.8601508E-1,-0.7282052E-1,-0.6257732E-1,-0.5423189E-1,-0.4724351E-1,-0.4128487E-1,-0.3613752E-1,-0.3164698E-1,-0.2769951E-1,-0.2420887E-1,-0.2110835E-1,-0.1834563E-1,-0.1587930E-1,-0.1367642E-1,-0.1171060E-1,-0.9960454E-2,-0.8408188E-2,-0.7038352E-2,-0.5836689E-2,-0.4789307E-2,-0.3882189E-2,-0.3101121E-2,-0.2431925E-2,-0.1860884E-2,-0.1375112E-2,-0.9628683E-3,-0.6136837E-3,-0.3184031E-3,-0.6912234E-4,0.1409385E-3,0.3175522E-3,0.4656309E-3,0.5893424E-3,0.6922296E-3,0.7773049E-3,0.8471290E-3,0.9038843E-3,0.9494319E-3,0.9853648E-3,0.1013046E-2,0.1033646E-2,0.1048169E-2,0.1057481E-2,0.1062329E-2,0.1063355E-2,0.1061118E-2,0.1056098E-2,0.1048716E-2,0.1039332E-2,0.1028260E-2,0.1015774E-2,0.1002109E-2,0.9874729E-3,0.9720431E-3,0.9559750E-3,0.9394028E-3,0.9224428E-3,0.9051966E-3,0.8877500E-3,0.8701787E-3,0.8525471E-3,0.8349104E-3,0.8173162E-3,0.7998031E-3,0.7824056E-3,0.7651528E-3,0.7480660E-3,0.7311652E-3,0.7144662E-3,0.6979796E-3,0.6817146E-3,0.6656786E-3,0.6498752E-3,0.6343063E-3,0.6189727E-3,0.6038740E-3,0.5890076E-3,0.5743717E-3,0.5599629E-3,0.5457769E-3,0.5318108E-3,0.5180606E-3,0.5045226E-3,0.4911944E-3,0.4780730E-3,0.4651552E-3,0.4524397E-3,0.4399225E-3
-0.1025124,-0.9410229E-1,-0.7774030E-1,-0.6612869E-1,-0.5706790E-1,-0.4964560E-1,-0.4339678E-1,-0.3804111E-1,-0.3339180E-1,-0.2931683E-1,-0.2571898E-1,-0.2252439E-1,-0.1967594E-1,-0.1712873E-1,-0.1484725E-1,-0.1280323E-1,-0.1097407E-1,-0.9341418E-2,-0.7890005E-2,-0.6606489E-2,-0.5478429E-2,-0.4493528E-2,-0.3639205E-2,-0.2902555E-2,-0.2270590E-2,-0.1730654E-2,-0.1270810E-2,-0.8801344E-3,-0.5488670E-3,-0.2684504E-3,-0.3148536E-4,0.1683849E-3,0.3365809E-3,0.4777205E-3,0.5957276E-3,0.6939411E-3,0.7752034E-3,0.8419341E-3,0.8961973E-3,0.9397559E-3,0.9741206E-3,0.1000584E-2,0.1020260E-2,0.1034104E-2,0.1042941E-2,0.1047481E-2,0.1048341E-2,0.1046053E-2,0.1041078E-2,0.1033818E-2,0.1024618E-2,0.1013781E-2,0.1001571E-2,0.9882138E-3,0.9739086E-3,0.9588278E-3,0.9431218E-3,0.9269198E-3,0.9103350E-3,0.8934656E-3,0.8763955E-3,0.8591978E-3,0.8419350E-3,0.8246623E-3,0.8074245E-3,0.7902613E-3,0.7732048E-3,0.7562842E-3,0.7395210E-3,0.7229340E-3,0.7065400E-3,0.6903489E-3,0.6743703E-3,0.6586108E-3,0.6430751E-3,0.6277648E-3,0.6126811E-3,0.5978236E-3,0.5831904E-3,0.5687792E-3,0.5545875E-3,0.5406109E-3,0.5268471E-3,0.5132918E-3,0.4999422E-3,0.4867954E-3,0.4738491E-3,0.4611002E-3,0.4485479E-3,0.4361882E-3
-0.9072290E-1,-0.8385593E-1,-0.6968957E-1,-0.5958743E-1,-0.5165903E-1,-0.4512483E-1,-0.3959076E-1,-0.3482044E-1,-0.3065674E-1,-0.2698869E-1,-0.2373453E-1,-0.2083215E-1,-0.1823340E-1,-0.1590045E-1,-0.1380339E-1,-0.1191838E-1,-0.1022639E-1,-0.8712024E-2,-0.7362409E-2,-0.6166229E-2,-0.5112803E-2,-0.4191386E-2,-0.3390812E-2,-0.2699459E-2,-0.2105525E-2,-0.1597415E-2,-0.1164136E-2,-0.7955906E-3,-0.4827314E-3,-0.2176061E-3,0.6673690E-5,0.1960356E-3,0.3555415E-3,0.4895108E-3,0.6016174E-3,0.6949924E-3,0.7723051E-3,0.8358292E-3,0.8875090E-3,0.9290051E-3,0.9617430E-3,0.9869453E-3,0.1005665E-2,0.1018807E-2,0.1027155E-2,0.1031383E-2,0.1032077E-2,0.1029744E-2,0.1024824E-2,0.1017699E-2,0.1008702E-2,0.9981205E-3,0.9862086E-3,0.9731829E-3,0.9592340E-3,0.9445295E-3,0.9292121E-3,0.9134084E-3,0.8972263E-3,0.8807625E-3,0.8640966E-3,0.8473003E-3,0.8304353E-3,0.8135529E-3,0.7966994E-3,0.7799119E-3,0.7632226E-3,0.7466599E-3,0.7302451E-3,0.7139974E-3,0.6979316E-3,0.6820591E-3,0.6663893E-3,0.6509287E-3,0.6356820E-3,0.6206512E-3,0.6058376E-3,0.5912409E-3,0.5768597E-3,0.5626919E-3,0.5487351E-3,0.5349854E-3,0.5214402E-3,0.5080965E-3,0.4949507E-3,0.4820009E-3,0.4692445E-3,0.4566789E-3,0.4443036E-3,0.4321147E-3
-0.7958955E-1,-0.7411496E-1,-0.6198980E-1,-0.5329721E-1,-0.4643177E-1,-0.4073567E-1,-0.3587975E-1,-0.3166771E-1,-0.2796952E-1,-0.2469344E-1,-0.2177193E-1,-0.1915363E-1,-0.1679869E-1,-0.1467580E-1,-0.1276021E-1,-0.1103224E-1,-0.9476206E-2,-0.8079428E-2,-0.6831306E-2,-0.5722441E-2,-0.4743813E-2,-0.3886166E-2,-0.3139692E-2,-0.2494026E-2,-0.1938516E-2,-0.1462615E-2,-0.1056265E-2,-0.7101876E-3,-0.4160449E-3,-0.1664888E-3,0.4485756E-4,0.2234921E-3,0.3741165E-3,0.5007490E-3,0.6068124E-3,0.6952273E-3,0.7684875E-3,0.8287209E-3,0.8777467E-3,0.9171242E-3,0.9481920E-3,0.9721002E-3,0.9898402E-3,0.1002265E-2,0.1010115E-2,0.1014029E-2,0.1014560E-2,0.1012190E-2,0.1007336E-2,0.1000363E-2,0.9915860E-3,0.9812808E-3,0.9696890E-3,0.9570179E-3,0.9434506E-3,0.9291474E-3,0.9142465E-3,0.8988669E-3,0.8831156E-3,0.8670840E-3,0.8508503E-3,0.8344831E-3,0.8180421E-3,0.8015776E-3,0.7851350E-3,0.7687490E-3,0.7524530E-3,0.7362732E-3,0.7202318E-3,0.7043466E-3,0.6886331E-3,0.6731022E-3,0.6577637E-3,0.6426239E-3,0.6276873E-3,0.6129566E-3,0.5984328E-3,0.5841168E-3,0.5700065E-3,0.5561003E-3,0.5423965E-3,0.5288907E-3,0.5155813E-3,0.5024653E-3,0.4895394E-3,0.4768019E-3,0.4642503E-3,0.4518827E-3,0.4396982E-3,0.4276934E-3
-0.6927836E-1,-0.6502220E-1,-0.5475185E-1,-0.4734715E-1,-0.4145880E-1,-0.3653813E-1,-0.3231356E-1,-0.2862450E-1,-0.2536495E-1,-0.2246032E-1,-0.1985576E-1,-0.1750949E-1,-0.1538916E-1,-0.1346934E-1,-0.1172995E-1,-0.1015507E-1,-0.8732072E-2,-0.7450759E-2,-0.6302627E-2,-0.5280031E-2,-0.4375509E-2,-0.3581200E-2,-0.2888579E-2,-0.2288490E-2,-0.1771387E-2,-0.1327740E-2,-0.9484030E-3,-0.6249036E-3,-0.3495984E-3,-0.1157361E-3,0.8255478E-4,0.2503458E-3,0.3919809E-3,0.5111789E-3,0.6111117E-3,0.6944898E-3,0.7636319E-3,0.8205177E-3,0.8668441E-3,0.9040658E-3,0.9334352E-3,0.9560278E-3,0.9727733E-3,0.9844728E-3,0.9918223E-3,0.9954234E-3,0.9957976E-3,0.9934005E-3,0.9886260E-3,0.9818200E-3,0.9732817E-3,0.9632719E-3,0.9520216E-3,0.9397285E-3,0.9265672E-3,0.9126901E-3,0.8982299E-3,0.8833019E-3,0.8680078E-3,0.8524348E-3,0.8366595E-3,0.8207476E-3,0.8047571E-3,0.7887368E-3,0.7727300E-3,0.7567718E-3,0.7408934E-3,0.7251216E-3,0.7094769E-3,0.6939783E-3,0.6786402E-3,0.6634736E-3,0.6484878E-3,0.6336900E-3,0.6190850E-3,0.6046747E-3,0.5904612E-3,0.5764446E-3,0.5626238E-3,0.5489978E-3,0.5355643E-3,0.5223199E-3,0.5092631E-3,0.4963909E-3,0.4837006E-3,0.4711907E-3,0.4588590E-3,0.4467036E-3,0.4347243E-3,0.4229175E-3
-0.5991518E-1,-0.5668915E-1,-0.4806450E-1,-0.4181009E-1,-0.3680087E-1,-0.3258314E-1,-0.2893520E-1,-0.2572721E-1,-0.2287394E-1,-0.2031560E-1,-0.1800830E-1,-0.1591868E-1,-0.1402091E-1,-0.1229472E-1,-0.1072414E-1,-0.9296601E-2,-0.8002167E-2,-0.6832884E-2,-0.5782099E-2,-0.4843771E-2,-0.4011848E-2,-0.3279753E-2,-0.2640169E-2,-0.2085062E-2,-0.1605948E-2,-0.1194268E-2,-0.8417573E-3,-0.5407170E-3,-0.2841830E-3,-0.6598512E-4,0.1192543E-3,0.2761892E-3,0.4088123E-3,0.5205472E-3,0.6143186E-3,0.6926298E-3,0.7576253E-3,0.8111385E-3,0.8547438E-3,0.8897927E-3,0.9174494E-3,0.9387169E-3,0.9544628E-3,0.9654359E-3,0.9722875E-3,0.9755818E-3,0.9758081E-3,0.9733955E-3,0.9687141E-3,0.9620913E-3,0.9538091E-3,0.9441148E-3,0.9332270E-3,0.9213341E-3,0.9086011E-3,0.8951742E-3,0.8811795E-3,0.8667273E-3,0.8519146E-3,0.8368259E-3,0.8215343E-3,0.8061031E-3,0.7905882E-3,0.7750366E-3,0.7594902E-3,0.7439842E-3,0.7285479E-3,0.7132073E-3,0.6979831E-3,0.6828933E-3,0.6679529E-3,0.6531723E-3,0.6385608E-3,0.6241260E-3,0.6098723E-3,0.5958023E-3,0.5819181E-3,0.5682204E-3,0.5547078E-3,0.5413795E-3,0.5282341E-3,0.5152682E-3,0.5024804E-3,0.4898682E-3,0.4774294E-3,0.4651621E-3,0.4530653E-3,0.4411367E-3,0.4293762E-3,0.4177809E-3
-0.5157847E-1,-0.4918980E-1,-0.4198990E-1,-0.3673905E-1,-0.3250362E-1,-0.2891020E-1,-0.2577888E-1,-0.2300548E-1,-0.2052213E-1,-0.1828142E-1,-0.1624871E-1,-0.1439771E-1,-0.1270813E-1,-0.1116410E-1,-0.9753192E-2,-0.8465691E-2,-0.7294018E-2,-0.6232150E-2,-0.5275067E-2,-0.4418140E-2,-0.3656565E-2,-0.2984935E-2,-0.2397031E-2,-0.1885866E-2,-0.1443944E-2,-0.1063631E-2,-0.7374925E-3,-0.4585763E-3,-0.2205670E-3,-0.1785462E-4,0.1544609E-3,0.3006287E-3,0.4243006E-3,0.5286126E-3,0.6162486E-3,0.6895086E-3,0.7503662E-3,0.8005123E-3,0.8413989E-3,0.8742761E-3,0.9002229E-3,0.9201684E-3,0.9349194E-3,0.9451718E-3,0.9515332E-3,0.9545301E-3,0.9546206E-3,0.9522052E-3,0.9476322E-3,0.9412085E-3,0.9332000E-3,0.9238406E-3,0.9133348E-3,0.9018630E-3,0.8895799E-3,0.8766252E-3,0.8631185E-3,0.8491651E-3,0.8348577E-3,0.8202765E-3,0.8054923E-3,0.7905653E-3,0.7755493E-3,0.7604902E-3,0.7454281E-3,0.7303965E-3,0.7154245E-3,0.7005382E-3,0.6857562E-3,0.6710973E-3,0.6565755E-3,0.6422019E-3,0.6279856E-3,0.6139337E-3,0.6000511E-3,0.5863407E-3,0.5728045E-3,0.5594437E-3,0.5462574E-3,0.5332445E-3,0.5204040E-3,0.5077329E-3,0.4952305E-3,0.4828942E-3,0.4707220E-3,0.4587127E-3,0.4468650E-3,0.4351777E-3,0.4236500E-3,0.4122800E-3
-0.4429450E-1,-0.4255653E-1,-0.3655970E-1,-0.3216435E-1,-0.2859542E-1,-0.2554543E-1,-0.2286840E-1,-0.2048080E-1,-0.1832877E-1,-0.1637495E-1,-0.1459218E-1,-0.1295996E-1,-0.1146254E-1,-0.1008770E-1,-0.8825954E-2,-0.7669991E-2,-0.6614191E-2,-0.5654173E-2,-0.4786307E-2,-0.4007164E-2,-0.3313048E-2,-0.2699579E-2,-0.2161526E-2,-0.1692856E-2,-0.1286993E-2,-0.9371561E-3,-0.6366977E-3,-0.3793683E-3,-0.1594692E-3,0.2807612E-4,0.1877115E-3,0.3232979E-3,0.4381590E-3,0.5351545E-3,0.6167348E-3,0.6850036E-3,0.7417686E-3,0.7885816E-3,0.8267764E-3,0.8575036E-3,0.8817571E-3,0.9003956E-3,0.9141648E-3,0.9237104E-3,0.9295946E-3,0.9323073E-3,0.9322746E-3,0.9298716E-3,0.9254226E-3,0.9192143E-3,0.9114967E-3,0.9024891E-3,0.8923850E-3,0.8813525E-3,0.8695396E-3,0.8570776E-3,0.8440801E-3,0.8306464E-3,0.8168654E-3,0.8028137E-3,0.7885580E-3,0.7741572E-3,0.7596619E-3,0.7451173E-3,0.7305606E-3,0.7160250E-3,0.7015390E-3,0.6871268E-3,0.6728084E-3,0.6586006E-3,0.6445179E-3,0.6305709E-3,0.6167691E-3,0.6031194E-3,0.5896269E-3,0.5762941E-3,0.5631244E-3,0.5501179E-3,0.5372745E-3,0.5245941E-3,0.5120748E-3,0.4997152E-3,0.4875137E-3,0.4754687E-3,0.4635782E-3,0.4518414E-3,0.4402573E-3,0.4288247E-3,0.4175437E-3,0.4064121E-3
-0.3803710E-1,-0.3677926E-1,-0.3177477E-1,-0.2809288E-1,-0.2508655E-1,-0.2250082E-1,-0.2021638E-1,-0.1816582E-1,-0.1630612E-1,-0.1460775E-1,-0.1304944E-1,-0.1161523E-1,-0.1029302E-1,-0.9073477E-2,-0.7949497E-2,-0.6915715E-2,-0.5968108E-2,-0.5103650E-2,-0.4319850E-2,-0.3614300E-2,-0.2984231E-2,-0.2426162E-2,-0.1935730E-2,-0.1507770E-2,-0.1136534E-2,-0.8160349E-3,-0.5403525E-3,-0.3038939E-3,-0.1015391E-3,0.7128467E-4,0.2185896E-3,0.3438686E-3,0.4501333E-3,0.5399797E-3,0.6156348E-3,0.6790140E-3,0.7317666E-3,0.7753079E-3,0.8108597E-3,0.8394755E-3,0.8620686E-3,0.8794265E-3,0.8922362E-3,0.9010937E-3,0.9065184E-3,0.9089638E-3,0.9088244E-3,0.9064488E-3,0.9021384E-3,0.8961618E-3,0.8887516E-3,0.8801128E-3,0.8704270E-3,0.8598514E-3,0.8485265E-3,0.8365751E-3,0.8241048E-3,0.8112104E-3,0.7979749E-3,0.7844719E-3,0.7707646E-3,0.7569094E-3,0.7429545E-3,0.7289434E-3,0.7149120E-3,0.7008924E-3,0.6869116E-3,0.6729934E-3,0.6591571E-3,0.6454195E-3,0.6317943E-3,0.6182927E-3,0.6049233E-3,0.5916936E-3,0.5786085E-3,0.5656712E-3,0.5528844E-3,0.5402492E-3,0.5277654E-3,0.5154330E-3,0.5032513E-3,0.4912181E-3,0.4793328E-3,0.4675938E-3,0.4559997E-3,0.4445495E-3,0.4332427E-3,0.4220787E-3,0.4110571E-3,0.4001771E-3
-0.3273191E-1,-0.3180837E-1,-0.2760657E-1,-0.2450888E-1,-0.2196951E-1,-0.1977437E-1,-0.1782438E-1,-0.1606430E-1,-0.1445926E-1,-0.1298563E-1,-0.1162655E-1,-0.1036958E-1,-0.9205390E-2,-0.8126915E-2,-0.7128884E-2,-0.6207462E-2,-0.5359903E-2,-0.4584241E-2,-0.3878909E-2,-0.3242333E-2,-0.2672513E-2,-0.2166730E-2,-0.1721384E-2,-0.1332071E-2,-0.9937949E-3,-0.7012868E-3,-0.4492978E-3,-0.2328409E-3,-0.4733599E-4,0.1113210E-3,0.2467381E-3,0.3620619E-3,0.4600102E-3,0.5429293E-3,0.6128354E-3,0.6714645E-3,0.7203148E-3,0.7606730E-3,0.7936520E-3,0.8202123E-3,0.8411889E-3,0.8573025E-3,0.8691837E-3,0.8773785E-3,0.8823652E-3,0.8845624E-3,0.8843342E-3,0.8820022E-3,0.8778472E-3,0.8721165E-3,0.8650283E-3,0.8567730E-3,0.8475201E-3,0.8374177E-3,0.8265958E-3,0.8151716E-3,0.8032445E-3,0.7909047E-3,0.7782315E-3,0.7652940E-3,0.7521522E-3,0.7388598E-3,0.7254629E-3,0.7120025E-3,0.6985139E-3,0.6850273E-3,0.6715691E-3,0.6581625E-3,0.6448257E-3,0.6315754E-3,0.6184250E-3,0.6053853E-3,0.5924650E-3,0.5796719E-3,0.5670105E-3,0.5544845E-3,0.5420966E-3,0.5298482E-3,0.5177395E-3,0.5057706E-3,0.4939410E-3,0.4822488E-3,0.4706941E-3,0.4592750E-3,0.4479906E-3,0.4368409E-3,0.4258249E-3,0.4149422E-3,0.4041936E-3,0.3935768E-3
-0.2826504E-1,-0.2756121E-1,-0.2400144E-1,-0.2137703E-1,-0.1922127E-1,-0.1735147E-1,-0.1568371E-1,-0.1417168E-1,-0.1278649E-1,-0.1150880E-1,-0.1032503E-1,-0.9225344E-2,-0.8202448E-2,-0.7250997E-2,-0.6367132E-2,-0.5548168E-2,-0.4792333E-2,-0.4098494E-2,-0.3465795E-2,-0.2893321E-2,-0.2379707E-2,-0.1922863E-2,-0.1519845E-2,-0.1166916E-2,-0.8597513E-3,-0.5937296E-3,-0.3642121E-3,-0.1667685E-3,0.2686335E-5,0.1478219E-3,0.2718706E-3,0.3776571E-3,0.4676247E-3,0.5438856E-3,0.6082582E-3,0.6623100E-3,0.7073955E-3,0.7446808E-3,0.7751744E-3,0.7997500E-3,0.8191672E-3,0.8340823E-3,0.8450713E-3,0.8526345E-3,0.8572091E-3,0.8591796E-3,0.8588808E-3,0.8566094E-3,0.8526235E-3,0.8471539E-3,0.8404011E-3,0.8325421E-3,0.8237353E-3,0.8141178E-3,0.8038123E-3,0.7929272E-3,0.7815576E-3,0.7697863E-3,0.7576894E-3,0.7453312E-3,0.7327695E-3,0.7200540E-3,0.7072297E-3,0.6943349E-3,0.6814041E-3,0.6684657E-3,0.6555454E-3,0.6426654E-3,0.6298434E-3,0.6170950E-3,0.6044349E-3,0.5918721E-3,0.5794161E-3,0.5670743E-3,0.5548516E-3,0.5427512E-3,0.5307767E-3,0.5189294E-3,0.5072099E-3,0.4956184E-3,0.4841547E-3,0.4728172E-3,0.4616063E-3,0.4505206E-3,0.4395592E-3,0.4287226E-3,0.4180098E-3,0.4074208E-3,0.3969568E-3,0.3866157E-3
-0.2449668E-1,-0.2393221E-1,-0.2088775E-1,-0.1864735E-1,-0.1680676E-1,-0.1520764E-1,-0.1377747E-1,-0.1247657E-1,-0.1128039E-1,-0.1017274E-1,-0.9142439E-2,-0.8181509E-2,-0.7284201E-2,-0.6446420E-2,-0.5665349E-2,-0.4939183E-2,-0.4266866E-2,-0.3647882E-2,-0.3081932E-2,-0.2568600E-2,-0.2107028E-2,-0.1695649E-2,-0.1332072E-2,-0.1013142E-2,-0.7351215E-3,-0.4939719E-3,-0.2856051E-3,-0.1060958E-3,0.4818784E-4,0.1805165E-3,0.2937770E-3,0.3904966E-3,0.4728639E-3,0.5427746E-3,0.6018620E-3,0.6515360E-3,0.6930179E-3,0.7273589E-3,0.7554711E-3,0.7781450E-3,0.7960688E-3,0.8098391E-3,0.8199795E-3,0.8269448E-3,0.8311355E-3,0.8329020E-3,0.8325523E-3,0.8303574E-3,0.8265554E-3,0.8213593E-3,0.8149531E-3,0.8075017E-3,0.7991513E-3,0.7900294E-3,0.7802498E-3,0.7699153E-3,0.7591128E-3,0.7479208E-3,0.7364104E-3,0.7246427E-3,0.7126717E-3,0.7005452E-3,0.6883050E-3,0.6759886E-3,0.6636277E-3,0.6512501E-3,0.6388802E-3,0.6265392E-3,0.6142445E-3,0.6020120E-3,0.5898545E-3,0.5777819E-3,0.5658034E-3,0.5539260E-3,0.5421547E-3,0.5304934E-3,0.5189451E-3,0.5075121E-3,0.4961942E-3,0.4849927E-3,0.4739075E-3,0.4629373E-3,0.4520823E-3,0.4413419E-3,0.4307157E-3,0.4202038E-3,0.4098060E-3,0.3995225E-3,0.3893542E-3,0.3793001E-3
-0.2127736E-1,-0.2080567E-1,-0.1818477E-1,-0.1626177E-1,-0.1468368E-1,-0.1331197E-1,-0.1208317E-1,-0.1096268E-1,-0.9929330E-2,-0.8969298E-2,-0.8073169E-2,-0.7234390E-2,-0.6448358E-2,-0.5711900E-2,-0.5022992E-2,-0.4380452E-2,-0.3783773E-2,-0.3232892E-2,-0.2727916E-2,-0.2268816E-2,-0.1855130E-2,-0.1485716E-2,-0.1158647E-2,-0.8712685E-3,-0.6203641E-3,-0.4024096E-3,-0.2138108E-3,-0.5109894E-4,0.8894561E-4,0.2092307E-3,0.3123269E-3,0.4004886E-3,0.4756704E-3,0.5395676E-3,0.5936429E-3,0.6391609E-3,0.6772180E-3,0.7087593E-3,0.7346063E-3,0.7554715E-3,0.7719768E-3,0.7846611E-3,0.7939992E-3,0.8004052E-3,0.8042419E-3,0.8058292E-3,0.8054478E-3,0.8033453E-3,0.7997404E-3,0.7948276E-3,0.7887779E-3,0.7817424E-3,0.7738559E-3,0.7652371E-3,0.7559914E-3,0.7462127E-3,0.7359847E-3,0.7253794E-3,0.7144634E-3,0.7032946E-3,0.6919226E-3,0.6803937E-3,0.6687467E-3,0.6570170E-3,0.6452356E-3,0.6334282E-3,0.6216185E-3,0.6098272E-3,0.5980707E-3,0.5863641E-3,0.5747203E-3,0.5631487E-3,0.5516583E-3,0.5402563E-3,0.5289479E-3,0.5177365E-3,0.5066261E-3,0.4956180E-3,0.4847134E-3,0.4739132E-3,0.4632177E-3,0.4526256E-3,0.4421379E-3,0.4317543E-3,0.4214737E-3,0.4112976E-3,0.4012254E-3,0.3912578E-3,0.3813962E-3,0.3716395E-3
-0.1846580E-1,-0.1806969E-1,-0.1581253E-1,-0.1416131E-1,-0.1280800E-1,-0.1163134E-1,-0.1057584E-1,-0.9611282E-2,-0.8719292E-2,-0.7888030E-2,-0.7109561E-2,-0.6378432E-2,-0.5690962E-2,-0.5044707E-2,-0.4438217E-2,-0.3870807E-2,-0.3342372E-2,-0.2853185E-2,-0.2403648E-2,-0.1994028E-2,-0.1624166E-2,-0.1293268E-2,-0.9997976E-3,-0.7415285E-3,-0.5156972E-3,-0.3192383E-3,-0.1489974E-3,-0.1917469E-5,0.1248502E-3,0.2338843E-3,0.3274677E-3,0.4076058E-3,0.4760399E-3,0.5342813E-3,0.5836366E-3,0.6252356E-3,0.6600606E-3,0.6889575E-3,0.7126642E-3,0.7318212E-3,0.7469879E-3,0.7586509E-3,0.7672383E-3,0.7731239E-3,0.7766380E-3,0.7780701E-3,0.7776755E-3,0.7756803E-3,0.7722836E-3,0.7676642E-3,0.7619777E-3,0.7553636E-3,0.7479460E-3,0.7398335E-3,0.7311255E-3,0.7219075E-3,0.7122570E-3,0.7022427E-3,0.6919251E-3,0.6813595E-3,0.6705917E-3,0.6596649E-3,0.6486167E-3,0.6374803E-3,0.6262847E-3,0.6150545E-3,0.6038125E-3,0.5925781E-3,0.5813673E-3,0.5701949E-3,0.5590728E-3,0.5480111E-3,0.5370178E-3,0.5261003E-3,0.5152638E-3,0.5045120E-3,0.4938483E-3,0.4832750E-3,0.4727930E-3,0.4624038E-3,0.4521073E-3,0.4419035E-3,0.4317928E-3,0.4217750E-3,0.4118503E-3,0.4020196E-3,0.3922828E-3,0.3826411E-3,0.3730954E-3,0.3636453E-3
-0.1594545E-1,-0.1562931E-1,-0.1370138E-1,-0.1229330E-1,-0.1113927E-1,-0.1013458E-1,-0.9231357E-2,-0.8403662E-2,-0.7635818E-2,-0.6917830E-2,-0.6243085E-2,-0.5607167E-2,-0.5007131E-2,-0.4441182E-2,-0.3908336E-2,-0.3408303E-2,-0.2941281E-2,-0.2507798E-2,-0.2108480E-2,-0.1743813E-2,-0.1413879E-2,-0.1118163E-2,-0.8554555E-3,-0.6238978E-3,-0.4211254E-3,-0.2444740E-3,-0.9118431E-4,0.4143483E-4,0.1558972E-3,0.2544844E-3,0.3392195E-3,0.4118823E-3,0.4740192E-3,0.5269751E-3,0.5719130E-3,0.6098406E-3,0.6416338E-3,0.6680498E-3,0.6897481E-3,0.7073023E-3,0.7212149E-3,0.7319230E-3,0.7398117E-3,0.7452187E-3,0.7484414E-3,0.7497423E-3,0.7493524E-3,0.7474779E-3,0.7442986E-3,0.7399788E-3,0.7346600E-3,0.7284702E-3,0.7215231E-3,0.7139192E-3,0.7057484E-3,0.6970915E-3,0.6880202E-3,0.6785965E-3,0.6688786E-3,0.6589165E-3,0.6487541E-3,0.6384320E-3,0.6279853E-3,0.6174445E-3,0.6068381E-3,0.5961889E-3,0.5855186E-3,0.5748459E-3,0.5641861E-3,0.5535531E-3,0.5429591E-3,0.5324128E-3,0.5219231E-3,0.5114966E-3,0.5011390E-3,0.4908537E-3,0.4806446E-3,0.4705136E-3,0.4604622E-3,0.4504916E-3,0.4406025E-3,0.4307949E-3,0.4210694E-3,0.4114263E-3,0.4018657E-3,0.3923887E-3,0.3829959E-3,0.3736881E-3,0.3644670E-3,0.3553321E-3
-0.1363729E-1,-0.1341708E-1,-0.1179973E-1,-0.1061718E-1,-0.9645293E-2,-0.8795947E-2,-0.8029140E-2,-0.7323384E-2,-0.6665793E-2,-0.6048252E-2,-0.5465491E-2,-0.4914054E-2,-0.4391758E-2,-0.3897339E-2,-0.3430266E-2,-0.2990566E-2,-0.2578690E-2,-0.2195362E-2,-0.1841386E-2,-0.1517411E-2,-0.1223706E-2,-0.9599846E-3,-0.7253140E-3,-0.5181515E-3,-0.3364775E-3,-0.1779849E-3,-0.4026259E-4,0.7905165E-4,0.1821727E-3,0.2711149E-3,0.3476671E-3,0.4134052E-3,0.4697001E-3,0.5177456E-3,0.5585746E-3,0.5930828E-3,0.6220508E-3,0.6461524E-3,0.6659768E-3,0.6820369E-3,0.6947817E-3,0.7046032E-3,0.7118465E-3,0.7168153E-3,0.7197777E-3,0.7209703E-3,0.7206018E-3,0.7188587E-3,0.7159050E-3,0.7118888E-3,0.7069397E-3,0.7011734E-3,0.6946958E-3,0.6875974E-3,0.6799619E-3,0.6718631E-3,0.6633670E-3,0.6545318E-3,0.6454104E-3,0.6360500E-3,0.6264914E-3,0.6167726E-3,0.6069259E-3,0.5969807E-3,0.5869633E-3,0.5768960E-3,0.5667987E-3,0.5566894E-3,0.5465825E-3,0.5364919E-3,0.5264287E-3,0.5164017E-3,0.5064196E-3,0.4964889E-3,0.4866148E-3,0.4768012E-3,0.4670518E-3,0.4573688E-3,0.4477536E-3,0.4382079E-3,0.4287325E-3,0.4193277E-3,0.4099941E-3,0.4007323E-3,0.3915427E-3,0.3824267E-3,0.3733849E-3,0.3644185E-3,0.3555293E-3,0.3467169E-3
-0.1150646E-1,-0.1139865E-1,-0.1007843E-1,-0.9108094E-2,-0.8304897E-2,-0.7597540E-2,-0.6954139E-2,-0.6357844E-2,-0.5798722E-2,-0.5270611E-2,-0.4769606E-2,-0.4293246E-2,-0.3840052E-2,-0.3409318E-2,-0.3000893E-2,-0.2615102E-2,-0.2252612E-2,-0.1914310E-2,-0.1601127E-2,-0.1313843E-2,-0.1052878E-2,-0.8181311E-3,-0.6088972E-3,-0.4239090E-3,-0.2614472E-3,-0.1195185E-3,0.3979038E-5,0.1111157E-3,0.2038388E-3,0.2839238E-3,0.3529492E-3,0.4123083E-3,0.4632136E-3,0.5067226E-3,0.5437504E-3,0.5750919E-3,0.6014411E-3,0.6233966E-3,0.6414836E-3,0.6561578E-3,0.6678218E-3,0.6768240E-3,0.6834750E-3,0.6880460E-3,0.6907783E-3,0.6918838E-3,0.6915517E-3,0.6899493E-3,0.6872257E-3,0.6835139E-3,0.6789336E-3,0.6735891E-3,0.6675760E-3,0.6609781E-3,0.6538714E-3,0.6463244E-3,0.6383970E-3,0.6301436E-3,0.6216129E-3,0.6128483E-3,0.6038885E-3,0.5947678E-3,0.5855170E-3,0.5761640E-3,0.5667330E-3,0.5572447E-3,0.5477186E-3,0.5381716E-3,0.5286173E-3,0.5190686E-3,0.5095368E-3,0.5000303E-3,0.4905569E-3,0.4811239E-3,0.4717358E-3,0.4623966E-3,0.4531101E-3,0.4438787E-3,0.4347039E-3,0.4255874E-3,0.4165302E-3,0.4075326E-3,0.3985960E-3,0.3897207E-3,0.3809076E-3,0.3721581E-3,0.3634732E-3,0.3548541E-3,0.3463029E-3,0.3378192E-3
-0.9560311E-2,-0.9572127E-2,-0.8530794E-2,-0.7757254E-2,-0.7108616E-2,-0.6529941E-2,-0.5997432E-2,-0.5498888E-2,-0.5027303E-2,-0.4578479E-2,-0.4149855E-2,-0.3739937E-2,-0.3347949E-2,-0.2973675E-2,-0.2617339E-2,-0.2279523E-2,-0.1961072E-2,-0.1663012E-2,-0.1386369E-2,-0.1132024E-2,-0.9005098E-3,-0.6918760E-3,-0.5056123E-3,-0.3406823E-3,-0.1956293E-3,-0.6873483E-4,0.4183050E-4,0.1378780E-3,0.2211172E-3,0.2931104E-3,0.3552490E-3,0.4087622E-3,0.4547212E-3,0.4940608E-3,0.5275912E-3,0.5560159E-3,0.5799507E-3,0.5999262E-3,0.6164098E-3,0.6298067E-3,0.6404747E-3,0.6487253E-3,0.6548350E-3,0.6590472E-3,0.6615773E-3,0.6626155E-3,0.6623321E-3,0.6608778E-3,0.6583861E-3,0.6549790E-3,0.6507628E-3,0.6458334E-3,0.6402774E-3,0.6341715E-3,0.6275848E-3,0.6205795E-3,0.6132118E-3,0.6055303E-3,0.5975809E-3,0.5894031E-3,0.5810333E-3,0.5725026E-3,0.5638407E-3,0.5550729E-3,0.5462219E-3,0.5373074E-3,0.5283477E-3,0.5193586E-3,0.5103534E-3,0.5013443E-3,0.4923414E-3,0.4833537E-3,0.4743884E-3,0.4654523E-3,0.4565504E-3,0.4476863E-3,0.4388636E-3,0.4300851E-3,0.4213525E-3,0.4126674E-3,0.4040311E-3,0.3954438E-3,0.3869075E-3,0.3784226E-3,0.3699898E-3,0.3616110E-3,0.3532871E-3,0.3450199E-3,0.3368111E-3,0.3286611E-3
-0.7838197E-2,-0.7960747E-2,-0.7167932E-2,-0.6568846E-2,-0.6056499E-2,-0.5590843E-2,-0.5155419E-2,-0.4742288E-2,-0.4347136E-2,-0.3967543E-2,-0.3602183E-2,-0.3250421E-2,-0.2912109E-2,-0.2587471E-2,-0.2277035E-2,-0.1981608E-2,-0.1702177E-2,-0.1439861E-2,-0.1195758E-2,-0.9708139E-3,-0.7656467E-3,-0.5804212E-3,-0.4147881E-3,-0.2679070E-3,-0.1385469E-3,-0.2522777E-4,0.7364091E-4,0.1596419E-3,0.2342749E-3,0.2989137E-3,0.3547828E-3,0.4029662E-3,0.4444087E-3,0.4799361E-3,0.5102642E-3,0.5360157E-3,0.5577352E-3,0.5758940E-3,0.5909052E-3,0.6031294E-3,0.6128851E-3,0.6204481E-3,0.6260661E-3,0.6299561E-3,0.6323101E-3,0.6332987E-3,0.6330743E-3,0.6317723E-3,0.6295135E-3,0.6264065E-3,0.6225479E-3,0.6180250E-3,0.6129158E-3,0.6072902E-3,0.6012112E-3,0.5947354E-3,0.5879136E-3,0.5807917E-3,0.5734107E-3,0.5658077E-3,0.5580157E-3,0.5500645E-3,0.5419806E-3,0.5337881E-3,0.5255080E-3,0.5171591E-3,0.5087579E-3,0.5003199E-3,0.4918575E-3,0.4833820E-3,0.4749038E-3,0.4664308E-3,0.4579699E-3,0.4495277E-3,0.4411097E-3,0.4327190E-3,0.4243590E-3,0.4160328E-3,0.4077421E-3,0.3994886E-3,0.3912738E-3,0.3830984E-3,0.3749636E-3,0.3668707E-3,0.3588203E-3,0.3508146E-3,0.3428548E-3,0.3349424E-3,0.3270795E-3,0.3192668E-3
-0.6393652E-2,-0.6599537E-2,-0.6009772E-2,-0.5553783E-2,-0.5153842E-2,-0.4781934E-2,-0.4427560E-2,-0.4086164E-2,-0.3755585E-2,-0.3434813E-2,-0.3123496E-2,-0.2821681E-2,-0.2529690E-2,-0.2248084E-2,-0.1977627E-2,-0.1719266E-2,-0.1474089E-2,-0.1243259E-2,-0.1027914E-2,-0.8290298E-3,-0.6472762E-3,-0.4829067E-3,-0.3356939E-3,-0.2049609E-3,-0.8966806E-4,0.1145984E-4,0.9980494E-4,0.1767518E-3,0.2436151E-3,0.3016029E-3,0.3517932E-3,0.3951408E-3,0.4324794E-3,0.4645374E-3,0.4919479E-3,0.5152604E-3,0.5349576E-3,0.5514556E-3,0.5651215E-3,0.5762745E-3,0.5851968E-3,0.5921347E-3,0.5973079E-3,0.6009093E-3,0.6031109E-3,0.6040650E-3,0.6039074E-3,0.6027602E-3,0.6007307E-3,0.5979181E-3,0.5944083E-3,0.5902805E-3,0.5856050E-3,0.5804453E-3,0.5748586E-3,0.5688965E-3,0.5626056E-3,0.5560271E-3,0.5491990E-3,0.5421557E-3,0.5349274E-3,0.5275411E-3,0.5200220E-3,0.5123920E-3,0.5046708E-3,0.4968759E-3,0.4890230E-3,0.4811266E-3,0.4731980E-3,0.4652482E-3,0.4572869E-3,0.4493216E-3,0.4413593E-3,0.4334063E-3,0.4254671E-3,0.4175456E-3,0.4096453E-3,0.4017684E-3,0.3939174E-3,0.3860939E-3,0.3782997E-3,0.3705347E-3,0.3628015E-3,0.3551008E-3,0.3474336E-3,0.3398019E-3,0.3322072E-3,0.3246512E-3,0.3171363E-3,0.3096629E-3
-0.5272310E-2,-0.5518730E-2,-0.5073649E-2,-0.4721617E-2,-0.4405205E-2,-0.4104632E-2,-0.3813235E-2,-0.3528663E-2,-0.3250078E-2,-0.2977366E-2,-0.2710767E-2,-0.2450728E-2,-0.2197853E-2,-0.1952891E-2,-0.1716720E-2,-0.1490353E-2,-0.1274905E-2,-0.1071540E-2,-0.8813868E-3,-0.7054177E-3,-0.5443222E-3,-0.3984064E-3,-0.2675370E-3,-0.1511655E-3,-0.4841051E-4,0.4182858E-4,0.1207563E-3,0.1895845E-3,0.2494685E-3,0.3014710E-3,0.3465416E-3,0.3855223E-3,0.4191489E-3,0.4480644E-3,0.4728278E-3,0.4939251E-3,0.5117832E-3,0.5267700E-3,0.5392109E-3,0.5493884E-3,0.5575535E-3,0.5639240E-3,0.5686955E-3,0.5720401E-3,0.5741105E-3,0.5750423E-3,0.5749571E-3,0.5739642E-3,0.5721600E-3,0.5696329E-3,0.5664603E-3,0.5627135E-3,0.5584566E-3,0.5537460E-3,0.5486339E-3,0.5431672E-3,0.5373887E-3,0.5313354E-3,0.5250421E-3,0.5185407E-3,0.5118583E-3,0.5050203E-3,0.4980497E-3,0.4909666E-3,0.4837900E-3,0.4765353E-3,0.4692177E-3,0.4618504E-3,0.4544440E-3,0.4470095E-3,0.4395551E-3,0.4320887E-3,0.4246165E-3,0.4171449E-3,0.4096781E-3,0.4022197E-3,0.3947732E-3,0.3873412E-3,0.3799256E-3,0.3725283E-3,0.3651512E-3,0.3577947E-3,0.3504607E-3,0.3431504E-3,0.3358652E-3,0.3286070E-3,0.3213772E-3,0.3141778E-3,0.3070111E-3,0.2998777E-3
-0.4490633E-2,-0.4727201E-2,-0.4362702E-2,-0.4072137E-2,-0.3808410E-2,-0.3555505E-2,-0.3308376E-2,-0.3065421E-2,-0.2826236E-2,-0.2590957E-2,-0.2359977E-2,-0.2133836E-2,-0.1913195E-2,-0.1698815E-2,-0.1491571E-2,-0.1292444E-2,-0.1102500E-2,-0.9228528E-3,-0.7545743E-3,-0.5985975E-3,-0.4556001E-3,-0.3259084E-3,-0.2094500E-3,-0.1057791E-3,-0.1413956E-4,0.6642337E-4,0.1369642E-3,0.1985476E-3,0.2521903E-3,0.2988303E-3,0.3393051E-3,0.3743590E-3,0.4046416E-3,0.4307212E-3,0.4530930E-3,0.4721852E-3,0.4883771E-3,0.5019935E-3,0.5133226E-3,0.5226154E-3,0.5300938E-3,0.5359512E-3,0.5403611E-3,0.5434770E-3,0.5454340E-3,0.5463537E-3,0.5463445E-3,0.5455036E-3,0.5439169E-3,0.5416648E-3,0.5388157E-3,0.5354341E-3,0.5315776E-3,0.5272970E-3,0.5226400E-3,0.5176488E-3,0.5123616E-3,0.5068126E-3,0.5010339E-3,0.4950538E-3,0.4888977E-3,0.4825889E-3,0.4761482E-3,0.4695943E-3,0.4629450E-3,0.4562144E-3,0.4494163E-3,0.4425636E-3,0.4356659E-3,0.4287332E-3,0.4217741E-3,0.4147952E-3,0.4078026E-3,0.4008025E-3,0.3937989E-3,0.3867953E-3,0.3797953E-3,0.3728010E-3,0.3658148E-3,0.3588383E-3,0.3518734E-3,0.3449206E-3,0.3379823E-3,0.3310594E-3,0.3241533E-3,0.3172660E-3,0.3103993E-3,0.3035550E-3,0.2967356E-3,0.2899418E-3
-0.4020703E-2,-0.4200675E-2,-0.3857601E-2,-0.3589306E-2,-0.3349785E-2,-0.3122852E-2,-0.2902844E-2,-0.2687615E-2,-0.2476345E-2,-0.2268836E-2,-0.2065229E-2,-0.1865865E-2,-0.1671239E-2,-0.1481970E-2,-0.1298817E-2,-0.1122632E-2,-0.9543760E-3,-0.7950528E-3,-0.6456433E-3,-0.5070082E-3,-0.3797815E-3,-0.2642834E-3,-0.1604779E-3,-0.6798936E-4,0.1383560E-4,0.8583410E-4,0.1489339E-3,0.2040750E-3,0.2521565E-3,0.2940084E-3,0.3303717E-3,0.3619057E-3,0.3891856E-3,0.4127150E-3,0.4329312E-3,0.4502151E-3,0.4649012E-3,0.4772783E-3,0.4876015E-3,0.4960928E-3,0.5029496E-3,0.5083433E-3,0.5124280E-3,0.5153400E-3,0.5171995E-3,0.5181147E-3,0.5181822E-3,0.5174885E-3,0.5161112E-3,0.5141207E-3,0.5115800E-3,0.5085457E-3,0.5050701E-3,0.5011989E-3,0.4969750E-3,0.4924366E-3,0.4876181E-3,0.4825510E-3,0.4772642E-3,0.4717832E-3,0.4661318E-3,0.4603307E-3,0.4543992E-3,0.4483548E-3,0.4422134E-3,0.4359884E-3,0.4296925E-3,0.4233374E-3,0.4169324E-3,0.4104868E-3,0.4040082E-3,0.3975034E-3,0.3909779E-3,0.3844377E-3,0.3778865E-3,0.3713276E-3,0.3647644E-3,0.3581993E-3,0.3516340E-3,0.3450713E-3,0.3385117E-3,0.3319568E-3,0.3254084E-3,0.3188679E-3,0.3123365E-3,0.3058164E-3,0.2993093E-3,0.2928172E-3,0.2863424E-3,0.2798861E-3
-0.3786567E-2,-0.3878409E-2,-0.3513935E-2,-0.3239203E-2,-0.3002786E-2,-0.2785448E-2,-0.2579444E-2,-0.2381172E-2,-0.2188779E-2,-0.2001331E-2,-0.1818424E-2,-0.1640002E-2,-0.1466242E-2,-0.1297509E-2,-0.1134351E-2,-0.9774485E-3,-0.8275984E-3,-0.6856657E-3,-0.5525091E-3,-0.4288928E-3,-0.3153875E-3,-0.2122883E-3,-0.1195727E-3,-0.3691521E-4,0.3625892E-4,0.1006896E-3,0.1571996E-3,0.2066231E-3,0.2497586E-3,0.2873435E-3,0.3200361E-3,0.3484213E-3,0.3730104E-3,0.3942499E-3,0.4125284E-3,0.4281834E-3,0.4415117E-3,0.4527696E-3,0.4621834E-3,0.4699501E-3,0.4762449E-3,0.4812197E-3,0.4850113E-3,0.4877409E-3,0.4895158E-3,0.4904318E-3,0.4905749E-3,0.4900225E-3,0.4888431E-3,0.4871008E-3,0.4848509E-3,0.4821446E-3,0.4790290E-3,0.4755447E-3,0.4717306E-3,0.4676211E-3,0.4632476E-3,0.4586377E-3,0.4538183E-3,0.4488129E-3,0.4436423E-3,0.4383261E-3,0.4328814E-3,0.4273247E-3,0.4216702E-3,0.4159306E-3,0.4101171E-3,0.4042413E-3,0.3983112E-3,0.3923354E-3,0.3863216E-3,0.3802758E-3,0.3742030E-3,0.3681090E-3,0.3619973E-3,0.3558708E-3,0.3497333E-3,0.3435866E-3,0.3374331E-3,0.3312744E-3,0.3251121E-3,0.3189473E-3,0.3127819E-3,0.3066171E-3,0.3004545E-3,0.2942962E-3,0.2881440E-3,0.2819997E-3,0.2758658E-3,0.2697435E-3
-0.3674935E-2,-0.3671155E-2,-0.3267513E-2,-0.2973689E-2,-0.2730391E-2,-0.2514370E-2,-0.2315263E-2,-0.2127719E-2,-0.1948675E-2,-0.1776316E-2,-0.1609617E-2,-0.1448042E-2,-0.1291397E-2,-0.1139771E-2,-0.9934666E-3,-0.8529647E-3,-0.7188879E-3,-0.5919533E-3,-0.4728829E-3,-0.3623421E-3,-0.2608257E-3,-0.1685943E-3,-0.8562491E-4,-0.1162806E-4,0.5390819E-4,0.1116440E-3,0.1623129E-3,0.2066590E-3,0.2453946E-3,0.2791768E-3,0.3085921E-3,0.3341618E-3,0.3563403E-3,0.3755252E-3,0.3920622E-3,0.4062509E-3,0.4183556E-3,0.4286033E-3,0.4371956E-3,0.4443066E-3,0.4500928E-3,0.4546884E-3,0.4582157E-3,0.4607814E-3,0.4624816E-3,0.4634015E-3,0.4636169E-3,0.4631976E-3,0.4622048E-3,0.4606950E-3,0.4587179E-3,0.4563191E-3,0.4535412E-3,0.4504205E-3,0.4469917E-3,0.4432861E-3,0.4393320E-3,0.4351541E-3,0.4307769E-3,0.4262216E-3,0.4215071E-3,0.4166509E-3,0.4116691E-3,0.4065769E-3,0.4013869E-3,0.3961105E-3,0.3907590E-3,0.3853420E-3,0.3798673E-3,0.3743432E-3,0.3687764E-3,0.3631722E-3,0.3575361E-3,0.3518730E-3,0.3461862E-3,0.3404791E-3,0.3347544E-3,0.3290144E-3,0.3232610E-3,0.3174958E-3,0.3117209E-3,0.3059367E-3,0.3001456E-3,0.2943487E-3,0.2885476E-3,0.2827441E-3,0.2769404E-3,0.2711382E-3,0.2653401E-3,0.2595470E-3
-0.3559594E-2,-0.3479454E-2,-0.3046914E-2,-0.2739351E-2,-0.2491738E-2,-0.2277797E-2,-0.2085218E-2,-0.1907281E-2,-0.1739971E-2,-0.1580790E-2,-0.1428204E-2,-0.1281288E-2,-0.1139552E-2,-0.1002843E-2,-0.8712588E-3,-0.7451110E-3,-0.6248672E-3,-0.5111034E-3,-0.4044317E-3,-0.3054163E-3,-0.2144845E-3,-0.1318598E-3,-0.5751864E-4,0.8801663E-5,0.6755965E-4,0.1193465E-3,0.1648192E-3,0.2046428E-3,0.2394541E-3,0.2698402E-3,0.2963248E-3,0.3193727E-3,0.3393895E-3,0.3567292E-3,0.3716999E-3,0.3845678E-3,0.3955687E-3,0.4049040E-3,0.4127527E-3,0.4192702E-3,0.4245954E-3,0.4288470E-3,0.4321342E-3,0.4345518E-3,0.4361850E-3,0.4371094E-3,0.4373931E-3,0.4370979E-3,0.4362777E-3,0.4349839E-3,0.4332605E-3,0.4311486E-3,0.4286853E-3,0.4259039E-3,0.4228359E-3,0.4195083E-3,0.4159471E-3,0.4121748E-3,0.4082136E-3,0.4040820E-3,0.3997975E-3,0.3953761E-3,0.3908328E-3,0.3861802E-3,0.3814309E-3,0.3765951E-3,0.3716828E-3,0.3667032E-3,0.3616635E-3,0.3565707E-3,0.3514318E-3,0.3462513E-3,0.3410346E-3,0.3357858E-3,0.3305084E-3,0.3252051E-3,0.3198790E-3,0.3145320E-3,0.3091657E-3,0.3037824E-3,0.2983833E-3,0.2929693E-3,0.2875424E-3,0.2821041E-3,0.2766554E-3,0.2711990E-3,0.2657362E-3,0.2602691E-3,0.2548001E-3,0.2493305E-3
-0.3334019E-2,-0.3218627E-2,-0.2790857E-2,-0.2490021E-2,-0.2251203E-2,-0.2047838E-2,-0.1867182E-2,-0.1702123E-2,-0.1548338E-2,-0.1403083E-2,-0.1264622E-2,-0.1131870E-2,-0.1004197E-2,-0.8813246E-3,-0.7632419E-3,-0.6501505E-3,-0.5424177E-3,-0.4405234E-3,-0.3449906E-3,-0.2563107E-3,-0.1748597E-3,-0.1008341E-3,-0.3421123E-4,0.2524328E-4,0.7793928E-4,0.1244050E-3,0.1652283E-3,0.2010035E-3,0.2322997E-3,0.2596419E-3,0.2834971E-3,0.3042806E-3,0.3223541E-3,0.3380330E-3,0.3515921E-3,0.3632682E-3,0.3732715E-3,0.3817811E-3,0.3889564E-3,0.3949349E-3,0.3998408E-3,0.4037793E-3,0.4068472E-3,0.4091293E-3,0.4107009E-3,0.4116294E-3,0.4119756E-3,0.4117940E-3,0.4111330E-3,0.4100383E-3,0.4085491E-3,0.4067019E-3,0.4045301E-3,0.4020638E-3,0.3993302E-3,0.3963548E-3,0.3931604E-3,0.3897669E-3,0.3861942E-3,0.3824597E-3,0.3785789E-3,0.3745664E-3,0.3704352E-3,0.3661977E-3,0.3618645E-3,0.3574450E-3,0.3529490E-3,0.3483843E-3,0.3437574E-3,0.3390755E-3,0.3343442E-3,0.3295682E-3,0.3247520E-3,0.3198999E-3,0.3150147E-3,0.3100992E-3,0.3051560E-3,0.3001873E-3,0.2951946E-3,0.2901795E-3,0.2851437E-3,0.2800878E-3,0.2750140E-3,0.2699236E-3,0.2648178E-3,0.2596987E-3,0.2545681E-3,0.2494279E-3,0.2442806E-3,0.2391270E-3
-0.2943154E-2,-0.2843336E-2,-0.2465359E-2,-0.2199223E-2,-0.1987731E-2,-0.1807483E-2,-0.1647252E-2,-0.1500776E-2,-0.1364243E-2,-0.1235226E-2,-0.1112187E-2,-0.9941504E-3,-0.8805703E-3,-0.7711871E-3,-0.6660002E-3,-0.5651884E-3,-0.4690908E-3,-0.3781386E-3,-0.2928087E-3,-0.2135503E-3,-0.1407090E-3,-0.7447127E-4,-0.1482372E-4,0.3843568E-4,0.8566823E-4,0.1273427E-3,0.1639815E-3,0.1961142E-3,0.2242480E-3,0.2488507E-3,0.2703390E-3,0.2890829E-3,0.3054047E-3,0.3195853E-3,0.3318691E-3,0.3424679E-3,0.3515680E-3,0.3593285E-3,0.3658919E-3,0.3713802E-3,0.3759036E-3,0.3795554E-3,0.3824222E-3,0.3845791E-3,0.3860927E-3,0.3870234E-3,0.3874252E-3,0.3873465E-3,0.3868302E-3,0.3859173E-3,0.3846425E-3,0.3830382E-3,0.3811353E-3,0.3789591E-3,0.3765349E-3,0.3738852E-3,0.3710306E-3,0.3679890E-3,0.3647783E-3,0.3614139E-3,0.3579101E-3,0.3542796E-3,0.3505349E-3,0.3466863E-3,0.3427442E-3,0.3387170E-3,0.3346132E-3,0.3304403E-3,0.3262040E-3,0.3219109E-3,0.3175665E-3,0.3131744E-3,0.3087393E-3,0.3042650E-3,0.2997541E-3,0.2952091E-3,0.2906328E-3,0.2860265E-3,0.2813921E-3,0.2767310E-3,0.2720448E-3,0.2673342E-3,0.2626012E-3,0.2578470E-3,0.2530729E-3,0.2482808E-3,0.2434725E-3,0.2386499E-3,0.2338154E-3,0.2289697E-3
-0.2402994E-2,-0.2362881E-2,-0.2074667E-2,-0.1868283E-2,-0.1700843E-2,-0.1555165E-2,-0.1423248E-2,-0.1300746E-2,-0.1185060E-2,-0.1074596E-2,-0.9683438E-3,-0.8657181E-3,-0.7664211E-3,-0.6703679E-3,-0.5776612E-3,-0.4885485E-3,-0.4033912E-3,-0.3226279E-3,-0.2467275E-3,-0.1761253E-3,-0.1111580E-3,-0.5201593E-4,0.1293073E-5,0.4893544E-4,0.9122343E-4,0.1285666E-3,0.1614267E-3,0.1902721E-3,0.2155530E-3,0.2376848E-3,0.2570377E-3,0.2739409E-3,0.2886806E-3,0.3015072E-3,0.3126381E-3,0.3222608E-3,0.3305417E-3,0.3376219E-3,0.3436283E-3,0.3486692E-3,0.3528424E-3,0.3562313E-3,0.3589122E-3,0.3609523E-3,0.3624106E-3,0.3633406E-3,0.3637906E-3,0.3638037E-3,0.3634178E-3,0.3626693E-3,0.3615894E-3,0.3602070E-3,0.3585493E-3,0.3566392E-3,0.3544992E-3,0.3521492E-3,0.3496085E-3,0.3468916E-3,0.3440159E-3,0.3409950E-3,0.3378415E-3,0.3345668E-3,0.3311820E-3,0.3276970E-3,0.3241207E-3,0.3204609E-3,0.3167252E-3,0.3129205E-3,0.3090521E-3,0.3051256E-3,0.3011462E-3,0.2971175E-3,0.2930434E-3,0.2889276E-3,0.2847723E-3,0.2805800E-3,0.2763528E-3,0.2720926E-3,0.2678006E-3,0.2634784E-3,0.2591273E-3,0.2547482E-3,0.2503427E-3,0.2459122E-3,0.2414576E-3,0.2369812E-3,0.2324845E-3,0.2279693E-3,0.2234378E-3,0.2188911E-3
-0.1798387E-2,-0.1839998E-2,-0.1660670E-2,-0.1526023E-2,-0.1410621E-2,-0.1304884E-2,-0.1204854E-2,-0.1108641E-2,-0.1015216E-2,-0.9240372E-3,-0.8348299E-3,-0.7475135E-3,-0.6621402E-3,-0.5788787E-3,-0.4979924E-3,-0.4198376E-3,-0.3448408E-3,-0.2734757E-3,-0.2062244E-3,-0.1435279E-3,-0.8572820E-4,-0.3302800E-4,0.1453928E-4,0.5710228E-4,0.9492347E-4,0.1283584E-3,0.1578108E-3,0.1836930E-3,0.2064027E-3,0.2263074E-3,0.2437350E-3,0.2589777E-3,0.2722898E-3,0.2838931E-3,0.2939807E-3,0.3027196E-3,0.3102572E-3,0.3167195E-3,0.3222184E-3,0.3268506E-3,0.3307031E-3,0.3338495E-3,0.3363581E-3,0.3382883E-3,0.3396928E-3,0.3406190E-3,0.3411096E-3,0.3412032E-3,0.3409332E-3,0.3403325E-3,0.3394285E-3,0.3382471E-3,0.3368120E-3,0.3351445E-3,0.3332641E-3,0.3311889E-3,0.3289356E-3,0.3265181E-3,0.3239510E-3,0.3212469E-3,0.3184172E-3,0.3154720E-3,0.3124214E-3,0.3092742E-3,0.3060387E-3,0.3027217E-3,0.2993296E-3,0.2958695E-3,0.2923458E-3,0.2887635E-3,0.2851276E-3,0.2814410E-3,0.2777074E-3,0.2739301E-3,0.2701113E-3,0.2662530E-3,0.2623573E-3,0.2584258E-3,0.2544598E-3,0.2504606E-3,0.2464295E-3,0.2423671E-3,0.2382752E-3,0.2341549E-3,0.2300074E-3,0.2258345E-3,0.2216376E-3,0.2174188E-3,0.2131798E-3,0.2089221E-3
-0.1255744E-2,-0.1370199E-2,-0.1288716E-2,-0.1218735E-2,-0.1150349E-2,-0.1080750E-2,-0.1009608E-2,-0.9372038E-3,-0.8639244E-3,-0.7901862E-3,-0.7163639E-3,-0.6428449E-3,-0.5700044E-3,-0.4982339E-3,-0.4279548E-3,-0.3596239E-3,-0.2937290E-3,-0.2307774E-3,-0.1712668E-3,-0.1156422E-3,-0.6425397E-4,-0.1731558E-4,0.2511492E-4,0.6313324E-4,0.9695739E-4,0.1268939E-3,0.1532949E-3,0.1765222E-3,0.1969267E-3,0.2148333E-3,0.2305322E-3,0.2442823E-3,0.2563095E-3,0.2668103E-3,0.2759565E-3,0.2838963E-3,0.2907608E-3,0.2966615E-3,0.3016988E-3,0.3059577E-3,0.3095162E-3,0.3124391E-3,0.3147873E-3,0.3166140E-3,0.3179654E-3,0.3188842E-3,0.3194079E-3,0.3195712E-3,0.3194035E-3,0.3189343E-3,0.3181880E-3,0.3171872E-3,0.3159536E-3,0.3145058E-3,0.3128613E-3,0.3110363E-3,0.3090455E-3,0.3069016E-3,0.3046176E-3,0.3022046E-3,0.2996729E-3,0.2970318E-3,0.2942898E-3,0.2914555E-3,0.2885355E-3,0.2855368E-3,0.2824648E-3,0.2793259E-3,0.2761237E-3,0.2728632E-3,0.2695489E-3,0.2661831E-3,0.2627691E-3,0.2593105E-3,0.2558086E-3,0.2522656E-3,0.2486833E-3,0.2450631E-3,0.2414060E-3,0.2377134E-3,0.2339866E-3,0.2302259E-3,0.2264331E-3,0.2226091E-3,0.2187550E-3,0.2148727E-3,0.2109635E-3,0.2070293E-3,0.2030719E-3,0.1990922E-3
-0.8962222E-3,-0.1045962E-2,-0.1022735E-2,-0.9921538E-3,-0.9532887E-3,-0.9071804E-3,-0.8554881E-3,-0.7996957E-3,-0.7409577E-3,-0.6802013E-3,-0.6181709E-3,-0.5554860E-3,-0.4926987E-3,-0.4303187E-3,-0.3688372E-3,-0.3087586E-3,-0.2505896E-3,-0.1948399E-3,-0.1420004E-3,-0.9250608E-4,-0.4670123E-4,-0.4800728E-5,0.3312483E-4,0.6714593E-4,0.9744643E-4,0.1242915E-3,0.1479907E-3,0.1688630E-3,0.1872186E-3,0.2033460E-3,0.2175028E-3,0.2299191E-3,0.2407955E-3,0.2503072E-3,0.2586070E-3,0.2658266E-3,0.2720829E-3,0.2774752E-3,0.2820926E-3,0.2860110E-3,0.2893000E-3,0.2920167E-3,0.2942159E-3,0.2959444E-3,0.2972436E-3,0.2981515E-3,0.2987013E-3,0.2989240E-3,0.2988458E-3,0.2984926E-3,0.2978863E-3,0.2970470E-3,0.2959945E-3,0.2947447E-3,0.2933133E-3,0.2917151E-3,0.2899631E-3,0.2880683E-3,0.2860427E-3,0.2838959E-3,0.2816374E-3,0.2792753E-3,0.2768174E-3,0.2742712E-3,0.2716429E-3,0.2689384E-3,0.2661628E-3,0.2633218E-3,0.2604187E-3,0.2574578E-3,0.2544431E-3,0.2513770E-3,0.2482626E-3,0.2451022E-3,0.2418980E-3,0.2386513E-3,0.2353640E-3,0.2320372E-3,0.2286719E-3,0.2252695E-3,0.2218307E-3,0.2183562E-3,0.2148474E-3,0.2113054E-3,0.2077310E-3,0.2041260E-3,0.2004918E-3,0.1968299E-3,0.1931422E-3,0.1894295E-3
-0.7847946E-3,-0.9173832E-3,-0.8976676E-3,-0.8714573E-3,-0.8378512E-3,-0.7977023E-3,-0.7524657E-3,-0.7034436E-3,-0.6516709E-3,-0.5979785E-3,-0.5430304E-3,-0.4873959E-3,-0.4315694E-3,-0.3760177E-3,-0.3211957E-3,-0.2675564E-3,-0.2155645E-3,-0.1656865E-3,-0.1183711E-3,-0.7401693E-4,-0.3293862E-4,0.4661969E-5,0.3871681E-4,0.6928397E-4,0.9652499E-4,0.1206749E-3,0.1420098E-3,0.1608139E-3,0.1773647E-3,0.1919203E-3,0.2047105E-3,0.2159417E-3,0.2257929E-3,0.2344211E-3,0.2419627E-3,0.2485356E-3,0.2542439E-3,0.2591767E-3,0.2634134E-3,0.2670216E-3,0.2700636E-3,0.2725904E-3,0.2746505E-3,0.2762863E-3,0.2775340E-3,0.2784273E-3,0.2789966E-3,0.2792691E-3,0.2792677E-3,0.2790162E-3,0.2785336E-3,0.2778380E-3,0.2769470E-3,0.2758749E-3,0.2746353E-3,0.2732417E-3,0.2717053E-3,0.2700367E-3,0.2682455E-3,0.2663413E-3,0.2643322E-3,0.2622253E-3,0.2600276E-3,0.2577459E-3,0.2553857E-3,0.2529522E-3,0.2504502E-3,0.2478845E-3,0.2452582E-3,0.2425754E-3,0.2398393E-3,0.2370520E-3,0.2342163E-3,0.2313346E-3,0.2284085E-3,0.2254393E-3,0.2224287E-3,0.2193775E-3,0.2162869E-3,0.2131576E-3,0.2099909E-3,0.2067869E-3,0.2035470E-3,0.2002723E-3,0.1969633E-3,0.1936222E-3,0.1902496E-3,0.1868475E-3,0.1834170E-3,0.1799595E-3
-0.8960890E-3,-0.9655696E-3,-0.9005258E-3,-0.8473207E-3,-0.7971005E-3,-0.7470337E-3,-0.6964152E-3,-0.6451666E-3,-0.5934028E-3,-0.5413101E-3,-0.4890975E-3,-0.4370007E-3,-0.3852692E-3,-0.3341760E-3,-0.2840223E-3,-0.2351420E-3,-0.1878953E-3,-0.1426613E-3,-0.9981137E-4,-0.5968452E-4,-0.2254720E-4,0.1143064E-4,0.4219507E-4,0.6980525E-4,0.9441061E-4,0.1162266E-3,0.1355039E-3,0.1525009E-3,0.1674687E-3,0.1806404E-3,0.1922237E-3,0.2024046E-3,0.2113450E-3,0.2191855E-3,0.2260490E-3,0.2320416E-3,0.2372568E-3,0.2417745E-3,0.2456659E-3,0.2489918E-3,0.2518075E-3,0.2541589E-3,0.2560894E-3,0.2576366E-3,0.2588335E-3,0.2597095E-3,0.2602920E-3,0.2606052E-3,0.2606694E-3,0.2605061E-3,0.2601320E-3,0.2595635E-3,0.2588157E-3,0.2579017E-3,0.2568338E-3,0.2556238E-3,0.2542820E-3,0.2528171E-3,0.2512386E-3,0.2495543E-3,0.2477718E-3,0.2458972E-3,0.2439370E-3,0.2418971E-3,0.2397825E-3,0.2375977E-3,0.2353471E-3,0.2330351E-3,0.2306642E-3,0.2282379E-3,0.2257596E-3,0.2232309E-3,0.2206542E-3,0.2180318E-3,0.2153647E-3,0.2126544E-3,0.2099024E-3,0.2071091E-3,0.2042760E-3,0.2014033E-3,0.1984921E-3,0.1955429E-3,0.1925568E-3,0.1895345E-3,0.1864769E-3,0.1833855E-3,0.1802613E-3,0.1771056E-3,0.1739204E-3,0.1707061E-3
-0.1115831E-2,-0.1103011E-2,-0.9703941E-3,-0.8755692E-3,-0.7983385E-3,-0.7306014E-3,-0.6686593E-3,-0.6105247E-3,-0.5550483E-3,-0.5015388E-3,-0.4495728E-3,-0.3989326E-3,-0.3495301E-3,-0.3013815E-3,-0.2545867E-3,-0.2093195E-3,-0.1658119E-3,-0.1243324E-3,-0.8516433E-4,-0.4857298E-4,-0.1476880E-4,0.1611797E-4,0.4405496E-4,0.6910914E-4,0.9142522E-4,0.1112049E-3,0.1286806E-3,0.1440896E-3,0.1576618E-3,0.1696098E-3,0.1801229E-3,0.1893699E-3,0.1974977E-3,0.2046338E-3,0.2108892E-3,0.2163600E-3,0.2211304E-3,0.2252722E-3,0.2288498E-3,0.2319176E-3,0.2345255E-3,0.2367145E-3,0.2385237E-3,0.2399866E-3,0.2411327E-3,0.2419885E-3,0.2425784E-3,0.2429239E-3,0.2430436E-3,0.2429559E-3,0.2426763E-3,0.2422189E-3,0.2415979E-3,0.2408243E-3,0.2399092E-3,0.2388634E-3,0.2376958E-3,0.2364142E-3,0.2350272E-3,0.2335415E-3,0.2319642E-3,0.2303004E-3,0.2285561E-3,0.2267365E-3,0.2248459E-3,0.2228887E-3,0.2208684E-3,0.2187891E-3,0.2166527E-3,0.2144629E-3,0.2122223E-3,0.2099324E-3,0.2075953E-3,0.2052131E-3,0.2027866E-3,0.2003170E-3,0.1978057E-3,0.1952533E-3,0.1926605E-3,0.1900279E-3,0.1873564E-3,0.1846463E-3,0.1818986E-3,0.1791141E-3,0.1762933E-3,0.1734378E-3,0.1705484E-3,0.1676265E-3,0.1646736E-3,0.1616902E-3
-0.1283761E-2,-0.1206184E-2,-0.1020691E-2,-0.8932060E-3,-0.7947242E-3,-0.7131026E-3,-0.6423113E-3,-0.5788786E-3,-0.5206534E-3,-0.4662465E-3,-0.4147467E-3,-0.3655653E-3,-0.3183374E-3,-0.2728750E-3,-0.2291086E-3,-0.1870826E-3,-0.1469177E-3,-0.1087900E-3,-0.7290582E-4,-0.3946642E-4,-0.8633799E-5,0.1949532E-4,0.4491022E-4,0.6768334E-4,0.8795528E-4,0.1059157E-3,0.1217806E-3,0.1357686E-3,0.1480908E-3,0.1589418E-3,0.1684939E-3,0.1769014E-3,0.1842977E-3,0.1907985E-3,0.1965045E-3,0.2015025E-3,0.2058688E-3,0.2096681E-3,0.2129588E-3,0.2157896E-3,0.2182057E-3,0.2202435E-3,0.2219383E-3,0.2233204E-3,0.2244160E-3,0.2252489E-3,0.2258407E-3,0.2262111E-3,0.2263763E-3,0.2263528E-3,0.2261546E-3,0.2257942E-3,0.2252843E-3,0.2246345E-3,0.2238551E-3,0.2229552E-3,0.2219434E-3,0.2208259E-3,0.2196107E-3,0.2183038E-3,0.2169116E-3,0.2154383E-3,0.2138897E-3,0.2122699E-3,0.2105832E-3,0.2088332E-3,0.2070230E-3,0.2051563E-3,0.2032352E-3,0.2012623E-3,0.1992403E-3,0.1971701E-3,0.1950540E-3,0.1928936E-3,0.1906897E-3,0.1884432E-3,0.1861555E-3,0.1838267E-3,0.1814578E-3,0.1790493E-3,0.1766017E-3,0.1741153E-3,0.1715909E-3,0.1690295E-3,0.1664314E-3,0.1637979E-3,0.1611298E-3,0.1584285E-3,0.1556953E-3,0.1529307E-3
-0.1265295E-2,-0.1170475E-2,-0.9775342E-3,-0.8460028E-3,-0.7456522E-3,-0.6637217E-3,-0.5937441E-3,-0.5319623E-3,-0.4760008E-3,-0.4243194E-3,-0.3758753E-3,-0.3299893E-3,-0.2862178E-3,-0.2443038E-3,-0.2041244E-3,-0.1656656E-3,-0.1290031E-3,-0.9426795E-4,-0.6162451E-4,-0.3123877E-4,-0.3244836E-5,0.2227916E-4,0.4533001E-4,0.6597922E-4,0.8435747E-4,0.1006397E-3,0.1150238E-3,0.1277089E-3,0.1388872E-3,0.1487358E-3,0.1574109E-3,0.1650526E-3,0.1717817E-3,0.1777028E-3,0.1829072E-3,0.1874730E-3,0.1914692E-3,0.1949544E-3,0.1979809E-3,0.2005927E-3,0.2028302E-3,0.2047264E-3,0.2063130E-3,0.2076171E-3,0.2086619E-3,0.2094692E-3,0.2100582E-3,0.2104464E-3,0.2106482E-3,0.2106787E-3,0.2105501E-3,0.2102736E-3,0.2098604E-3,0.2093196E-3,0.2086597E-3,0.2078894E-3,0.2070156E-3,0.2060446E-3,0.2049830E-3,0.2038367E-3,0.2026106E-3,0.2013091E-3,0.1999369E-3,0.1984980E-3,0.1969961E-3,0.1954343E-3,0.1938154E-3,0.1921426E-3,0.1904178E-3,0.1886434E-3,0.1868213E-3,0.1849530E-3,0.1830402E-3,0.1810839E-3,0.1790854E-3,0.1770451E-3,0.1749641E-3,0.1728429E-3,0.1706818E-3,0.1684814E-3,0.1662422E-3,0.1639646E-3,0.1616490E-3,0.1592962E-3,0.1569067E-3,0.1544815E-3,0.1520216E-3,0.1495279E-3,0.1470017E-3,0.1444434E-3
-0.1020660E-2,-0.9635960E-3,-0.8171835E-3,-0.7158606E-3,-0.6370549E-3,-0.5713688E-3,-0.5141429E-3,-0.4627076E-3,-0.4153957E-3,-0.3711272E-3,-0.3291972E-3,-0.2891342E-3,-0.2506510E-3,-0.2136013E-3,-0.1779288E-3,-0.1436680E-3,-0.1109178E-3,-0.7982065E-4,-0.5054527E-4,-0.2325568E-4,0.1915030E-5,0.2488782E-4,0.4565279E-4,0.6426846E-4,0.8084926E-4,0.9554944E-4,0.1085453E-3,0.1200149E-3,0.1301303E-3,0.1390504E-3,0.1469153E-3,0.1538507E-3,0.1599653E-3,0.1653530E-3,0.1700957E-3,0.1742636E-3,0.1779189E-3,0.1811138E-3,0.1838959E-3,0.1863041E-3,0.1883751E-3,0.1901381E-3,0.1916215E-3,0.1928501E-3,0.1938442E-3,0.1946235E-3,0.1952052E-3,0.1956051E-3,0.1958356E-3,0.1959107E-3,0.1958411E-3,0.1956364E-3,0.1953074E-3,0.1948615E-3,0.1943066E-3,0.1936503E-3,0.1928991E-3,0.1920580E-3,0.1911336E-3,0.1901305E-3,0.1890535E-3,0.1879063E-3,0.1866928E-3,0.1854172E-3,0.1840820E-3,0.1826906E-3,0.1812452E-3,0.1797488E-3,0.1782025E-3,0.1766089E-3,0.1749699E-3,0.1732862E-3,0.1715595E-3,0.1697909E-3,0.1679811E-3,0.1661306E-3,0.1642405E-3,0.1623109E-3,0.1603423E-3,0.1583349E-3,0.1562894E-3,0.1542056E-3,0.1520846E-3,0.1499264E-3,0.1477318E-3,0.1455015E-3,0.1432364E-3,0.1409376E-3,0.1386060E-3,0.1362419E-3
-0.6334148E-3,-0.6482152E-3,-0.5822661E-3,-0.5328338E-3,-0.4904891E-3,-0.4516670E-3,-0.4148853E-3,-0.3794326E-3,-0.3449138E-3,-0.3111162E-3,-0.2779350E-3,-0.2453258E-3,-0.2133095E-3,-0.1819505E-3,-0.1513521E-3,-0.1216567E-3,-0.9303898E-4,-0.6569252E-4,-0.3981807E-4,-0.1560235E-4,0.6805083E-5,0.2730876E-4,0.4588197E-4,0.6256412E-4,0.7744650E-4,0.9066032E-4,0.1023585E-3,0.1126963E-3,0.1218254E-3,0.1298863E-3,0.1370029E-3,0.1432872E-3,0.1488359E-3,0.1537326E-3,0.1580503E-3,0.1618519E-3,0.1651928E-3,0.1681198E-3,0.1706754E-3,0.1728943E-3,0.1748097E-3,0.1764471E-3,0.1778327E-3,0.1789882E-3,0.1799320E-3,0.1806814E-3,0.1812521E-3,0.1816580E-3,0.1819104E-3,0.1820217E-3,0.1820014E-3,0.1818580E-3,0.1816016E-3,0.1812380E-3,0.1807749E-3,0.1802191E-3,0.1795759E-3,0.1788500E-3,0.1780472E-3,0.1771718E-3,0.1762277E-3,0.1752184E-3,0.1741476E-3,0.1730185E-3,0.1718339E-3,0.1705963E-3,0.1693077E-3,0.1679710E-3,0.1665869E-3,0.1651579E-3,0.1636855E-3,0.1621704E-3,0.1606138E-3,0.1590170E-3,0.1573803E-3,0.1557042E-3,0.1539896E-3,0.1522367E-3,0.1504455E-3,0.1486166E-3,0.1467502E-3,0.1448466E-3,0.1429060E-3,0.1409291E-3,0.1389159E-3,0.1368677E-3,0.1347847E-3,0.1326681E-3,0.1305188E-3,0.1283371E-3
-0.2745724E-3,-0.3549989E-3,-0.3634213E-3,-0.3621590E-3,-0.3538036E-3,-0.3401126E-3,-0.3225231E-3,-0.3020983E-3,-0.2796241E-3,-0.2556854E-3,-0.2307342E-3,-0.2051250E-3,-0.1791644E-3,-0.1531194E-3,-0.1272442E-3,-0.1017847E-3,-0.7698953E-4,-0.5310028E-4,-0.3035364E-4,-0.8958044E-5,0.1091840E-4,0.2916520E-4,0.4573816E-4,0.6065717E-4,0.7399297E-4,0.8585418E-4,0.9637200E-4,0.1056810E-3,0.1139137E-3,0.1211937E-3,0.1276301E-3,0.1333224E-3,0.1383561E-3,0.1428054E-3,0.1467356E-3,0.1502025E-3,0.1532555E-3,0.1559366E-3,0.1582836E-3,0.1603274E-3,0.1620980E-3,0.1636182E-3,0.1649111E-3,0.1659966E-3,0.1668906E-3,0.1676089E-3,0.1681655E-3,0.1685730E-3,0.1688413E-3,0.1689814E-3,0.1690020E-3,0.1689106E-3,0.1687160E-3,0.1684240E-3,0.1680407E-3,0.1675727E-3,0.1670243E-3,0.1664001E-3,0.1657051E-3,0.1649429E-3,0.1641173E-3,0.1632314E-3,0.1622881E-3,0.1612905E-3,0.1602409E-3,0.1591418E-3,0.1579948E-3,0.1568023E-3,0.1555652E-3,0.1542853E-3,0.1529644E-3,0.1516025E-3,0.1502011E-3,0.1487611E-3,0.1472827E-3,0.1457665E-3,0.1442130E-3,0.1426223E-3,0.1409947E-3,0.1393304E-3,0.1376296E-3,0.1358923E-3,0.1341191E-3,0.1323101E-3,0.1304657E-3,0.1285867E-3,0.1266736E-3,0.1247272E-3,0.1227483E-3,0.1207371E-3
-0.1108367E-3,-0.2124022E-3,-0.2504651E-3,-0.2689903E-3,-0.2751641E-3,-0.2727412E-3,-0.2642196E-3,-0.2513089E-3,-0.2352143E-3,-0.2168164E-3,-0.1967598E-3,-0.1755505E-3,-0.1535931E-3,-0.1312289E-3,-0.1087585E-3,-0.8646152E-4,-0.6460577E-4,-0.4344402E-4,-0.2321526E-4,-0.4129710E-5,0.1364469E-4,0.2999498E-4,0.4487066E-4,0.5828154E-4,0.7028483E-4,0.8097382E-4,0.9046312E-4,0.9887115E-4,0.1063153E-3,0.1129058E-3,0.1187393E-3,0.1239048E-3,0.1284788E-3,0.1325275E-3,0.1361095E-3,0.1392745E-3,0.1420670E-3,0.1445247E-3,0.1466813E-3,0.1485649E-3,0.1502020E-3,0.1516133E-3,0.1528190E-3,0.1538377E-3,0.1546833E-3,0.1553701E-3,0.1559104E-3,0.1563157E-3,0.1565947E-3,0.1567574E-3,0.1568115E-3,0.1567637E-3,0.1566220E-3,0.1563913E-3,0.1560773E-3,0.1556856E-3,0.1552207E-3,0.1546858E-3,0.1540859E-3,0.1534241E-3,0.1527036E-3,0.1519273E-3,0.1510978E-3,0.1502178E-3,0.1492894E-3,0.1483146E-3,0.1472949E-3,0.1462326E-3,0.1451281E-3,0.1439832E-3,0.1427994E-3,0.1415767E-3,0.1403164E-3,0.1390193E-3,0.1376855E-3,0.1363153E-3,0.1349093E-3,0.1334674E-3,0.1319900E-3,0.1304771E-3,0.1289287E-3,0.1273450E-3,0.1257264E-3,0.1240729E-3,0.1223849E-3,0.1206631E-3,0.1189078E-3,0.1171198E-3,0.1152998E-3,0.1134481E-3
-0.2025568E-3,-0.2678848E-3,-0.2772005E-3,-0.2782761E-3,-0.2733060E-3,-0.2637663E-3,-0.2508321E-3,-0.2353883E-3,-0.2180928E-3,-0.1994377E-3,-0.1798178E-3,-0.1595333E-3,-0.1388513E-3,-0.1180075E-3,-0.9721954E-4,-0.7669844E-4,-0.5665843E-4,-0.3730812E-4,-0.1884613E-4,-0.1452214E-5,0.1473092E-4,0.2960611E-4,0.4313324E-4,0.5532442E-4,0.6623397E-4,0.7594840E-4,0.8457334E-4,0.9221689E-4,0.9898626E-4,0.1049820E-3,0.1102921E-3,0.1149974E-3,0.1191673E-3,0.1228622E-3,0.1261349E-3,0.1290306E-3,0.1315897E-3,0.1338460E-3,0.1358304E-3,0.1375677E-3,0.1390827E-3,0.1403931E-3,0.1415180E-3,0.1424735E-3,0.1432722E-3,0.1439274E-3,0.1444499E-3,0.1448499E-3,0.1451354E-3,0.1453153E-3,0.1453966E-3,0.1453850E-3,0.1452881E-3,0.1451099E-3,0.1448556E-3,0.1445306E-3,0.1441381E-3,0.1436818E-3,0.1431655E-3,0.1425922E-3,0.1419650E-3,0.1412860E-3,0.1405579E-3,0.1397827E-3,0.1389626E-3,0.1380992E-3,0.1371937E-3,0.1362485E-3,0.1352635E-3,0.1342405E-3,0.1331807E-3,0.1320842E-3,0.1309519E-3,0.1297846E-3,0.1285823E-3,0.1273452E-3,0.1260741E-3,0.1247684E-3,0.1234285E-3,0.1220545E-3,0.1206463E-3,0.1192041E-3,0.1177279E-3,0.1162181E-3,0.1146748E-3,0.1130985E-3,0.1114896E-3,0.1098487E-3,0.1081766E-3,0.1064734E-3
-0.4555118E-3,-0.4500802E-3,-0.3944809E-3,-0.3548294E-3,-0.3225256E-3,-0.2941528E-3,-0.2681280E-3,-0.2436097E-3,-0.2201096E-3,-0.1973392E-3,-0.1751339E-3,-0.1533964E-3,-0.1320957E-3,-0.1112502E-3,-0.9091007E-4,-0.7115725E-4,-0.5210464E-4,-0.3387718E-4,-0.1661034E-4,-0.4301397E-6,0.1456085E-4,0.2829545E-4,0.4075367E-4,0.5195886E-4,0.6196994E-4,0.7087349E-4,0.7877077E-4,0.8576447E-4,0.9195535E-4,0.9743745E-4,0.1022921E-3,0.1065947E-3,0.1104091E-3,0.1137909E-3,0.1167887E-3,0.1194438E-3,0.1217933E-3,0.1238681E-3,0.1256962E-3,0.1273006E-3,0.1287033E-3,0.1299206E-3,0.1309700E-3,0.1318659E-3,0.1326197E-3,0.1332434E-3,0.1337468E-3,0.1341390E-3,0.1344276E-3,0.1346200E-3,0.1347229E-3,0.1347412E-3,0.1346818E-3,0.1345483E-3,0.1343455E-3,0.1340779E-3,0.1337486E-3,0.1333608E-3,0.1329179E-3,0.1324227E-3,0.1318777E-3,0.1312851E-3,0.1306468E-3,0.1299651E-3,0.1292416E-3,0.1284777E-3,0.1276747E-3,0.1268344E-3,0.1259569E-3,0.1250437E-3,0.1240958E-3,0.1231134E-3,0.1220970E-3,0.1210474E-3,0.1199647E-3,0.1188487E-3,0.1177004E-3,0.1165191E-3,0.1153050E-3,0.1140581E-3,0.1127786E-3,0.1114662E-3,0.1101212E-3,0.1087437E-3,0.1073340E-3,0.1058922E-3,0.1044188E-3,0.1029145E-3,0.1013796E-3,0.9981428E-4
-0.6693598E-3,-0.6051675E-3,-0.4950194E-3,-0.4209506E-3,-0.3654208E-3,-0.3209427E-3,-0.2836526E-3,-0.2512799E-3,-0.2223786E-3,-0.1959984E-3,-0.1715066E-3,-0.1484662E-3,-0.1265965E-3,-0.1057258E-3,-0.8575982E-4,-0.6666756E-4,-0.4847286E-4,-0.3122905E-4,-0.1501248E-4,0.9676275E-7,0.1403277E-4,0.2675634E-4,0.3826468E-4,0.4859266E-4,0.5780312E-4,0.6598273E-4,0.7322962E-4,0.7964157E-4,0.8531375E-4,0.9033456E-4,0.9477968E-4,0.9871944E-4,0.1022129E-3,0.1053115E-3,0.1080601E-3,0.1104966E-3,0.1126552E-3,0.1145641E-3,0.1162490E-3,0.1177308E-3,0.1190296E-3,0.1201603E-3,0.1211387E-3,0.1219779E-3,0.1226884E-3,0.1232808E-3,0.1237640E-3,0.1241466E-3,0.1244348E-3,0.1246358E-3,0.1247554E-3,0.1247979E-3,0.1247699E-3,0.1246743E-3,0.1245154E-3,0.1242974E-3,0.1240229E-3,0.1236947E-3,0.1233161E-3,0.1228894E-3,0.1224169E-3,0.1219006E-3,0.1213419E-3,0.1207431E-3,0.1201057E-3,0.1194306E-3,0.1187192E-3,0.1179729E-3,0.1171919E-3,0.1163774E-3,0.1155303E-3,0.1146507E-3,0.1137392E-3,0.1127963E-3,0.1118219E-3,0.1108160E-3,0.1097793E-3,0.1087113E-3,0.1076120E-3,0.1064814E-3,0.1053196E-3,0.1041264E-3,0.1029019E-3,0.1016462E-3,0.1003593E-3,0.9904164E-4,0.9769351E-4,0.9631538E-4,0.9490759E-4,0.9347030E-4
-0.6671646E-3,-0.5961811E-3,-0.4825372E-3,-0.4063793E-3,-0.3496803E-3,-0.3047034E-3,-0.2674154E-3,-0.2354244E-3,-0.2072006E-3,-0.1817205E-3,-0.1583009E-3,-0.1364641E-3,-0.1158924E-3,-0.9638209E-4,-0.7781487E-4,-0.6013436E-4,-0.4334188E-4,-0.2747007E-4,-0.1257540E-4,0.1279481E-5,0.1404166E-4,0.2568120E-4,0.3620114E-4,0.4563602E-4,0.5404629E-4,0.6151276E-4,0.6812659E-4,0.7397802E-4,0.7915466E-4,0.8373769E-4,0.8779634E-4,0.9139529E-4,0.9458834E-4,0.9742262E-4,0.9993911E-4,0.1021721E-3,0.1041532E-3,0.1059077E-3,0.1074591E-3,0.1088263E-3,0.1100280E-3,0.1110770E-3,0.1119880E-3,0.1127730E-3,0.1134413E-3,0.1140024E-3,0.1144646E-3,0.1148356E-3,0.1151209E-3,0.1153268E-3,0.1154589E-3,0.1155209E-3,0.1155187E-3,0.1154548E-3,0.1153332E-3,0.1151577E-3,0.1149306E-3,0.1146543E-3,0.1143317E-3,0.1139651E-3,0.1135564E-3,0.1131072E-3,0.1126190E-3,0.1120938E-3,0.1115327E-3,0.1109368E-3,0.1103071E-3,0.1096448E-3,0.1089503E-3,0.1082243E-3,0.1074679E-3,0.1066808E-3,0.1058639E-3,0.1050173E-3,0.1041410E-3,0.1032350E-3,0.1022998E-3,0.1013348E-3,0.1003401E-3,0.9931577E-4,0.9826149E-4,0.9717732E-4,0.9606320E-4,0.9491922E-4,0.9374545E-4,0.9254207E-4,0.9130944E-4,0.9004776E-4,0.8875760E-4,0.8743881E-4
-0.4254380E-3,-0.4034941E-3,-0.3422593E-3,-0.2996345E-3,-0.2662463E-3,-0.2382154E-3,-0.2136215E-3,-0.1913785E-3,-0.1707990E-3,-0.1514469E-3,-0.1330342E-3,-0.1153690E-3,-0.9833634E-4,-0.8188126E-4,-0.6598742E-4,-0.5067566E-4,-0.3599726E-4,-0.2202328E-4,-0.8834546E-5,0.3488981E-5,0.1488178E-4,0.2530258E-4,0.3474393E-4,0.4322845E-4,0.5080481E-4,0.5754147E-4,0.6351733E-4,0.6881129E-4,0.7350056E-4,0.7765739E-4,0.8134291E-4,0.8461505E-4,0.8752184E-4,0.9010545E-4,0.9240250E-4,0.9444378E-4,0.9625775E-4,0.9786704E-4,0.9929299E-4,0.1005525E-3,0.1016623E-3,0.1026340E-3,0.1034809E-3,0.1042139E-3,0.1048409E-3,0.1053711E-3,0.1058116E-3,0.1061693E-3,0.1064493E-3,0.1066574E-3,0.1067983E-3,0.1068753E-3,0.1068942E-3,0.1068568E-3,0.1067667E-3,0.1066275E-3,0.1064412E-3,0.1062098E-3,0.1059360E-3,0.1056219E-3,0.1052691E-3,0.1048790E-3,0.1044531E-3,0.1039929E-3,0.1034995E-3,0.1029741E-3,0.1024171E-3,0.1018299E-3,0.1012127E-3,0.1005661E-3,0.9989097E-4,0.9918738E-4,0.9845546E-4,0.9769583E-4,0.9690826E-4,0.9609258E-4,0.9524936E-4,0.9437797E-4,0.9347845E-4,0.9255078E-4,0.9159475E-4,0.9061017E-4,0.8959715E-4,0.8855558E-4,0.8748553E-4,0.8638727E-4,0.8526083E-4,0.8410668E-4,0.8292502E-4,0.8171587E-4
-0.1045042E-3,-0.1492164E-3,-0.1586549E-3,-0.1613773E-3,-0.1595313E-3,-0.1543886E-3,-0.1468711E-3,-0.1376340E-3,-0.1271535E-3,-0.1157732E-3,-0.1037587E-3,-0.9131494E-4,-0.7860773E-4,-0.6579138E-4,-0.5300099E-4,-0.4036724E-4,-0.2802317E-4,-0.1609568E-4,-0.4709514E-5,0.6025499E-5,0.1602005E-4,0.2521311E-4,0.3358112E-4,0.4112979E-4,0.4789247E-4,0.5392256E-4,0.5928511E-4,0.6404649E-4,0.6827281E-4,0.7202657E-4,0.7536072E-4,0.7832625E-4,0.8096508E-4,0.8331451E-4,0.8540696E-4,0.8726968E-4,0.8892799E-4,0.9040209E-4,0.9171104E-4,0.9286989E-4,0.9389360E-4,0.9479259E-4,0.9557887E-4,0.9626200E-4,0.9684942E-4,0.9734921E-4,0.9776762E-4,0.9811111E-4,0.9838407E-4,0.9859174E-4,0.9873831E-4,0.9882695E-4,0.9886265E-4,0.9884708E-4,0.9878357E-4,0.9867520E-4,0.9852384E-4,0.9833121E-4,0.9809990E-4,0.9783146E-4,0.9752766E-4,0.9718957E-4,0.9681840E-4,0.9641576E-4,0.9598237E-4,0.9551937E-4,0.9502713E-4,0.9450690E-4,0.9395863E-4,0.9338314E-4,0.9278100E-4,0.9215214E-4,0.9149684E-4,0.9081556E-4,0.9010804E-4,0.8937404E-4,0.8861416E-4,0.8782763E-4,0.8701459E-4,0.8617481E-4,0.8530821E-4,0.8441456E-4,0.8349389E-4,0.8254607E-4,0.8157120E-4,0.8056936E-4,0.7954057E-4,0.7848528E-4,0.7740370E-4,0.7629573E-4
0.6434680E-4,-0.1129537E-4,-0.5602840E-4,-0.8172415E-4,-0.9616233E-4,-0.1030874E-3,-0.1047992E-3,-0.1027943E-3,-0.9809344E-4,-0.9143099E-4,-0.8333637E-4,-0.7420521E-4,-0.6434548E-4,-0.5401167E-4,-0.4341152E-4,-0.3272965E-4,-0.2213575E-4,-0.1178410E-4,-0.1817110E-5,0.7642207E-5,0.1649531E-4,0.2467288E-4,0.3214157E-4,0.3889813E-4,0.4496598E-4,0.5038802E-4,0.5521906E-4,0.5951600E-4,0.6333629E-4,0.6673496E-4,0.6975793E-4,0.7245071E-4,0.7485026E-4,0.7698989E-4,0.7889837E-4,0.8059987E-4,0.8211727E-4,0.8346837E-4,0.8467052E-4,0.8573713E-4,0.8668159E-4,0.8751330E-4,0.8824295E-4,0.8887945E-4,0.8942912E-4,0.8989943E-4,0.9029601E-4,0.9062468E-4,0.9088933E-4,0.9109470E-4,0.9124459E-4,0.9134177E-4,0.9139088E-4,0.9139320E-4,0.9135183E-4,0.9126965E-4,0.9114816E-4,0.9098896E-4,0.9079432E-4,0.9056577E-4,0.9030476E-4,0.9001227E-4,0.8968921E-4,0.8933728E-4,0.8895699E-4,0.8854931E-4,0.8811456E-4,0.8765393E-4,0.8716717E-4,0.8665520E-4,0.8611845E-4,0.8555660E-4,0.8497018E-4,0.8435937E-4,0.8372398E-4,0.8306379E-4,0.8237914E-4,0.8166955E-4,0.8093491E-4,0.8017506E-4,0.7938985E-4,0.7857903E-4,0.7774267E-4,0.7688060E-4,0.7599272E-4,0.7507930E-4,0.7414017E-4,0.7317576E-4,0.7218628E-4,0.7117147E-4
-0.3406786E-4,-0.7952535E-4,-0.9789670E-4,-0.1072869E-3,-0.1109793E-3,-0.1106835E-3,-0.1075307E-3,-0.1022977E-3,-0.9553239E-4,-0.8763600E-4,-0.7891404E-4,-0.6959743E-4,-0.5987339E-4,-0.4990713E-4,-0.3984026E-4,-0.2980291E-4,-0.1992379E-4,-0.1032370E-4,-0.1117985E-5,0.7593068E-5,0.1572819E-4,0.2322986E-4,0.3007268E-4,0.3625728E-4,0.4180754E-4,0.4676471E-4,0.5118008E-4,0.5510657E-4,0.5859736E-4,0.6170326E-4,0.6446640E-4,0.6692864E-4,0.6912377E-4,0.7108240E-4,0.7283088E-4,0.7439102E-4,0.7578388E-4,0.7702574E-4,0.7813230E-4,0.7911581E-4,0.7998844E-4,0.8075872E-4,0.8143640E-4,0.8202949E-4,0.8254385E-4,0.8298612E-4,0.8336143E-4,0.8367515E-4,0.8393072E-4,0.8413236E-4,0.8428355E-4,0.8438680E-4,0.8444631E-4,0.8446319E-4,0.8444030E-4,0.8438019E-4,0.8428410E-4,0.8415366E-4,0.8399074E-4,0.8379678E-4,0.8357302E-4,0.8332041E-4,0.8303976E-4,0.8273232E-4,0.8239903E-4,0.8204031E-4,0.8165662E-4,0.8124887E-4,0.8081707E-4,0.8036169E-4,0.7988326E-4,0.7938161E-4,0.7885695E-4,0.7830952E-4,0.7773913E-4,0.7714539E-4,0.7652887E-4,0.7588878E-4,0.7522519E-4,0.7453788E-4,0.7382668E-4,0.7309128E-4,0.7233174E-4,0.7154785E-4,0.7073964E-4,0.6990711E-4,0.6905016E-4,0.6816915E-4,0.6726434E-4,0.6633536E-4
-0.2890230E-3,-0.2700451E-3,-0.2265355E-3,-0.1967982E-3,-0.1739074E-3,-0.1549563E-3,-0.1385010E-3,-0.1237164E-3,-0.1100820E-3,-0.9727357E-4,-0.8507714E-4,-0.7335560E-4,-0.6202678E-4,-0.5105239E-4,-0.4042433E-4,-0.3015721E-4,-0.2028989E-4,-0.1087422E-4,-0.1968432E-5,0.6369124E-5,0.1409074E-4,0.2116512E-4,0.2758500E-4,0.3336304E-4,0.3853090E-4,0.4313352E-4,0.4722365E-4,0.5085392E-4,0.5407642E-4,0.5694011E-4,0.5948526E-4,0.6175182E-4,0.6377166E-4,0.6557363E-4,0.6718231E-4,0.6861817E-4,0.6990087E-4,0.7104527E-4,0.7206608E-4,0.7297461E-4,0.7378212E-4,0.7449619E-4,0.7512608E-4,0.7567897E-4,0.7616018E-4,0.7657588E-4,0.7693055E-4,0.7722931E-4,0.7747516E-4,0.7767187E-4,0.7782287E-4,0.7792999E-4,0.7799749E-4,0.7802611E-4,0.7801839E-4,0.7797675E-4,0.7790233E-4,0.7779642E-4,0.7766086E-4,0.7749686E-4,0.7730557E-4,0.7708782E-4,0.7684431E-4,0.7657620E-4,0.7628420E-4,0.7596870E-4,0.7563026E-4,0.7526963E-4,0.7488656E-4,0.7448177E-4,0.7405553E-4,0.7360767E-4,0.7313836E-4,0.7264780E-4,0.7213584E-4,0.7160204E-4,0.7104692E-4,0.7046974E-4,0.6987041E-4,0.6924887E-4,0.6860478E-4,0.6793803E-4,0.6724846E-4,0.6653595E-4,0.6580033E-4,0.6504182E-4,0.6426013E-4,0.6345568E-4,0.6262852E-4,0.6177847E-4
