-0.5651746,-0.6203913,-0.4821382,-0.3770840,-0.3001278,-0.2429391,-0.1997181,-0.1665319,-0.1406819,-0.1202847,-0.1040026,-0.9086889E-1,-0.8017454E-1,-0.7139155E-1,-0.6412134E-1,-0.5805962E-1,-0.5297107E-1,-0.4867185E-1,-0.4501689E-1,-0.4189053E-1,-0.3919975E-1,-0.3686903E-1,-0.3483644E-1,-0.3305094E-1,-0.3146999E-1,-0.3005798E-1,-0.2878501E-1,-0.2762587E-1,-0.2655941E-1,-0.2556799E-1,-0.2463711E-1,-0.2375506E-1,-0.2291258E-1,-0.2210265E-1,-0.2132012E-1,-0.2056139E-1,-0.1982412E-1,-0.1910691E-1,-0.1840907E-1,-0.1773034E-1,-0.1707075E-1,-0.1643047E-1,-0.1580971E-1,-0.1520866E-1,-0.1462742E-1,-0.1406605E-1,-0.1352447E-1,-0.1300251E-1,-0.1249994E-1,-0.1201640E-1,-0.1155149E-1,-0.1110475E-1,-0.1067562E-1,-0.1026359E-1,-0.9868016E-2,-0.9488313E-2,-0.9123833E-2,-0.8773931E-2,-0.8437949E-2,-0.8115237E-2,-0.7805126E-2,-0.7506968E-2,-0.7220099E-2,-0.6943873E-2,-0.6677643E-2,-0.6420772E-2,-0.6172617E-2,-0.5932559E-2,-0.5699983E-2,-0.5474290E-2,-0.5254900E-2,-0.5041275E-2,-0.4832914E-2,-0.4629382E-2,-0.4430332E-2,-0.4235523E-2,-0.4044840E-2,-0.3858331E-2,-0.3676189E-2,-0.3498776E-2,-0.3326562E-2,-0.3160115E-2,-0.3000012E-2,-0.2846793E-2,-0.2700895E-2,-0.2562623E-2,-0.2432123E-2,-0.2309386E-2,-0.2194264E-2,-0.2086506E-2
-0.5632463,-0.6183599,-0.4806154,-0.3759366,-0.2992494,-0.2422565,-0.1991801,-0.1661024,-0.1403352,-0.1200018,-0.1037694,-0.9067492E-1,-0.8001180E-1,-0.7125388E-1,-0.6400403E-1,-0.5795885E-1,-0.5288391E-1,-0.4859594E-1,-0.4495034E-1,-0.4183183E-1,-0.3914765E-1,-0.3682251E-1,-0.3479469E-1,-0.3301326E-1,-0.3143581E-1,-0.3002685E-1,-0.2875653E-1,-0.2759973E-1,-0.2653533E-1,-0.2554574E-1,-0.2461650E-1,-0.2373592E-1,-0.2289479E-1,-0.2208609E-1,-0.2130468E-1,-0.2054699E-1,-0.1981067E-1,-0.1909436E-1,-0.1839734E-1,-0.1771937E-1,-0.1706049E-1,-0.1642088E-1,-0.1580073E-1,-0.1520026E-1,-0.1461956E-1,-0.1405870E-1,-0.1351759E-1,-0.1299607E-1,-0.1249390E-1,-0.1201075E-1,-0.1154619E-1,-0.1109977E-1,-0.1067096E-1,-0.1025921E-1,-0.9863912E-2,-0.9484460E-2,-0.9120217E-2,-0.8770537E-2,-0.8434761E-2,-0.8112238E-2,-0.7802306E-2,-0.7504312E-2,-0.7217604E-2,-0.6941526E-2,-0.6675432E-2,-0.6418689E-2,-0.6170659E-2,-0.5930716E-2,-0.5698247E-2,-0.5472655E-2,-0.5253362E-2,-0.5039827E-2,-0.4831553E-2,-0.4628103E-2,-0.4429129E-2,-0.4234391E-2,-0.4043780E-2,-0.3857336E-2,-0.3675257E-2,-0.3497904E-2,-0.3325749E-2,-0.3159355E-2,-0.2999302E-2,-0.2846128E-2,-0.2700276E-2,-0.2562046E-2,-0.2431585E-2,-0.2308882E-2,-0.2193795E-2,-0.2086068E-2
-0.5572985,-0.6120942,-0.4759176,-0.3723968,-0.2965395,-0.2401500,-0.1975197,-0.1647770,-0.1392647,-0.1191281,-0.1030493,-0.9007588E-1,-0.7950920E-1,-0.7082870E-1,-0.6364153E-1,-0.5764753E-1,-0.5261457E-1,-0.4836134E-1,-0.4474467E-1,-0.4165035E-1,-0.3898656E-1,-0.3667866E-1,-0.3466555E-1,-0.3289671E-1,-0.3133011E-1,-0.2993057E-1,-0.2866844E-1,-0.2751884E-1,-0.2646079E-1,-0.2547687E-1,-0.2455271E-1,-0.2367672E-1,-0.2283973E-1,-0.2203483E-1,-0.2125689E-1,-0.2050240E-1,-0.1976905E-1,-0.1905547E-1,-0.1836100E-1,-0.1768540E-1,-0.1702873E-1,-0.1639117E-1,-0.1577294E-1,-0.1517426E-1,-0.1459523E-1,-0.1403591E-1,-0.1349626E-1,-0.1297610E-1,-0.1247519E-1,-0.1199322E-1,-0.1152977E-1,-0.1108437E-1,-0.1065652E-1,-0.1024566E-1,-0.9851197E-2,-0.9472528E-2,-0.9109013E-2,-0.8760008E-2,-0.8424870E-2,-0.8102938E-2,-0.7793565E-2,-0.7496091E-2,-0.7209868E-2,-0.6934248E-2,-0.6668583E-2,-0.6412242E-2,-0.6164588E-2,-0.5925000E-2,-0.5692866E-2,-0.5467588E-2,-0.5248594E-2,-0.5035338E-2,-0.4827330E-2,-0.4624133E-2,-0.4425400E-2,-0.4230887E-2,-0.4040494E-2,-0.3854254E-2,-0.3672373E-2,-0.3495203E-2,-0.3323224E-2,-0.3156996E-2,-0.2997100E-2,-0.2844074E-2,-0.2698360E-2,-0.2560258E-2,-0.2429916E-2,-0.2307325E-2,-0.2192341E-2,-0.2084707E-2
-0.5471384,-0.6013877,-0.4678886,-0.3663455,-0.2919058,-0.2365472,-0.1946791,-0.1625088,-0.1374325,-0.1176323,-0.1018160,-0.8904979E-1,-0.7864796E-1,-0.7009993E-1,-0.6302006E-1,-0.5711358E-1,-0.5215257E-1,-0.4795882E-1,-0.4439165E-1,-0.4133881E-1,-0.3870994E-1,-0.3643160E-1,-0.3444368E-1,-0.3269644E-1,-0.3114844E-1,-0.2976501E-1,-0.2851695E-1,-0.2737972E-1,-0.2633259E-1,-0.2535839E-1,-0.2444295E-1,-0.2357481E-1,-0.2274496E-1,-0.2194656E-1,-0.2117460E-1,-0.2042562E-1,-0.1969735E-1,-0.1898849E-1,-0.1829840E-1,-0.1762688E-1,-0.1697400E-1,-0.1633998E-1,-0.1572505E-1,-0.1512945E-1,-0.1455329E-1,-0.1399666E-1,-0.1345951E-1,-0.1294168E-1,-0.1244295E-1,-0.1196300E-1,-0.1150144E-1,-0.1105782E-1,-0.1063162E-1,-0.1022230E-1,-0.9829273E-2,-0.9451944E-2,-0.9089680E-2,-0.8741850E-2,-0.8407805E-2,-0.8086898E-2,-0.7778482E-2,-0.7481907E-2,-0.7196522E-2,-0.6921688E-2,-0.6656762E-2,-0.6401111E-2,-0.6154108E-2,-0.5915135E-2,-0.5683578E-2,-0.5458842E-2,-0.5240362E-2,-0.5027592E-2,-0.4820042E-2,-0.4617280E-2,-0.4418960E-2,-0.4224842E-2,-0.4034820E-2,-0.3848936E-2,-0.3667390E-2,-0.3490541E-2,-0.3318865E-2,-0.3152924E-2,-0.2993299E-2,-0.2840526E-2,-0.2695051E-2,-0.2557170E-2,-0.2427035E-2,-0.2304636E-2,-0.2189828E-2,-0.2082360E-2
-0.5326512,-0.5861157,-0.4564316,-0.3577074,-0.2852887,-0.2314003,-0.1906194,-0.1592659,-0.1348120,-0.1154920,-0.1000506,-0.8758021E-1,-0.7741407E-1,-0.6905542E-1,-0.6212892E-1,-0.5634763E-1,-0.5148953E-1,-0.4738094E-1,-0.4388465E-1,-0.4089114E-1,-0.3831229E-1,-0.3607634E-1,-0.3412452E-1,-0.3240822E-1,-0.3088690E-1,-0.2952659E-1,-0.2829874E-1,-0.2717923E-1,-0.2614781E-1,-0.2518757E-1,-0.2428465E-1,-0.2342780E-1,-0.2260822E-1,-0.2181918E-1,-0.2105582E-1,-0.2031475E-1,-0.1959381E-1,-0.1889174E-1,-0.1820796E-1,-0.1754232E-1,-0.1689491E-1,-0.1626600E-1,-0.1565583E-1,-0.1506467E-1,-0.1449266E-1,-0.1393989E-1,-0.1340634E-1,-0.1289188E-1,-0.1239629E-1,-0.1191928E-1,-0.1146046E-1,-0.1101939E-1,-0.1059557E-1,-0.1018848E-1,-0.9797533E-2,-0.9422144E-2,-0.9061695E-2,-0.8715555E-2,-0.8383094E-2,-0.8063672E-2,-0.7756640E-2,-0.7461359E-2,-0.7177192E-2,-0.6903497E-2,-0.6639636E-2,-0.6384991E-2,-0.6138929E-2,-0.5900842E-2,-0.5670116E-2,-0.5446170E-2,-0.5228430E-2,-0.5016365E-2,-0.4809480E-2,-0.4607349E-2,-0.4409625E-2,-0.4216076E-2,-0.4026594E-2,-0.3841223E-2,-0.3660168E-2,-0.3483783E-2,-0.3312546E-2,-0.3147020E-2,-0.2987786E-2,-0.2835382E-2,-0.2690250E-2,-0.2552692E-2,-0.2422857E-2,-0.2300736E-2,-0.2186186E-2,-0.2078956E-2
-0.5138177,-0.5662505,-0.4415214,-0.3464598,-0.2766682,-0.2246913,-0.1853249,-0.1550342,-0.1313904,-0.1126958,-0.9774295E-1,-0.8565814E-1,-0.7579925E-1,-0.6768759E-1,-0.6096129E-1,-0.5534346E-1,-0.5061974E-1,-0.4662240E-1,-0.4321875E-1,-0.4030290E-1,-0.3778946E-1,-0.3560897E-1,-0.3370443E-1,-0.3202866E-1,-0.3054230E-1,-0.2921235E-1,-0.2801097E-1,-0.2691473E-1,-0.2590390E-1,-0.2496202E-1,-0.2407556E-1,-0.2323356E-1,-0.2242748E-1,-0.2165077E-1,-0.2089873E-1,-0.2016809E-1,-0.1945681E-1,-0.1876370E-1,-0.1808824E-1,-0.1743034E-1,-0.1679016E-1,-0.1616799E-1,-0.1556410E-1,-0.1497880E-1,-0.1441227E-1,-0.1386462E-1,-0.1333585E-1,-0.1282584E-1,-0.1233441E-1,-0.1186128E-1,-0.1140608E-1,-0.1096839E-1,-0.1054774E-1,-0.1014359E-1,-0.9755397E-2,-0.9382579E-2,-0.9024531E-2,-0.8680641E-2,-0.8350277E-2,-0.8032816E-2,-0.7727623E-2,-0.7434063E-2,-0.7151505E-2,-0.6879317E-2,-0.6616878E-2,-0.6363563E-2,-0.6118749E-2,-0.5881838E-2,-0.5652221E-2,-0.5429320E-2,-0.5212565E-2,-0.5001434E-2,-0.4795431E-2,-0.4594138E-2,-0.4397209E-2,-0.4204416E-2,-0.4015651E-2,-0.3830965E-2,-0.3650558E-2,-0.3474789E-2,-0.3304137E-2,-0.3139164E-2,-0.2980450E-2,-0.2828536E-2,-0.2683863E-2,-0.2546732E-2,-0.2417295E-2,-0.2295543E-2,-0.2181336E-2,-0.2074422E-2
-0.4907281,-0.5418784,-0.4232162,-0.3326417,-0.2660701,-0.2164375,-0.1788063,-0.1498203,-0.1271714,-0.1092454,-0.9489322E-1,-0.8328269E-1,-0.7380198E-1,-0.6599455E-1,-0.5951489E-1,-0.5409859E-1,-0.4954066E-1,-0.4568060E-1,-0.4239138E-1,-0.3957144E-1,-0.3713889E-1,-0.3502699E-1,-0.3318097E-1,-0.3155540E-1,-0.3011234E-1,-0.2882002E-1,-0.2765149E-1,-0.2658415E-1,-0.2559891E-1,-0.2467983E-1,-0.2381382E-1,-0.2299031E-1,-0.2220103E-1,-0.2143969E-1,-0.2070175E-1,-0.1998414E-1,-0.1928490E-1,-0.1860297E-1,-0.1793792E-1,-0.1728972E-1,-0.1665858E-1,-0.1604483E-1,-0.1544882E-1,-0.1487087E-1,-0.1431120E-1,-0.1376995E-1,-0.1324716E-1,-0.1274274E-1,-0.1225653E-1,-0.1178826E-1,-0.1133762E-1,-0.1090418E-1,-0.1048748E-1,-0.1008704E-1,-0.9702306E-2,-0.9332716E-2,-0.8977692E-2,-0.8636622E-2,-0.8308900E-2,-0.7993908E-2,-0.7691025E-2,-0.7399631E-2,-0.7119100E-2,-0.6848815E-2,-0.6588159E-2,-0.6336519E-2,-0.6093283E-2,-0.5857854E-2,-0.5629635E-2,-0.5408047E-2,-0.5192539E-2,-0.4982580E-2,-0.4777690E-2,-0.4577452E-2,-0.4381527E-2,-0.4189686E-2,-0.4001827E-2,-0.3818003E-2,-0.3638415E-2,-0.3463425E-2,-0.3293511E-2,-0.3129235E-2,-0.2971180E-2,-0.2819884E-2,-0.2675789E-2,-0.2539199E-2,-0.2410264E-2,-0.2288979E-2,-0.2175204E-2,-0.2068691E-2
-0.4635951,-0.5132112,-0.4016667,-0.3163602,-0.2535714,-0.2066946,-0.1711046,-0.1436542,-0.1221772,-0.1051571,-0.9151325E-1,-0.8046255E-1,-0.7142853E-1,-0.6398056E-1,-0.5779267E-1,-0.5261486E-1,-0.4825326E-1,-0.4455593E-1,-0.4140240E-1,-0.3869632E-1,-0.3635983E-1,-0.3432947E-1,-0.3255304E-1,-0.3098721E-1,-0.2959577E-1,-0.2834824E-1,-0.2721892E-1,-0.2618608E-1,-0.2523138E-1,-0.2433958E-1,-0.2349806E-1,-0.2269669E-1,-0.2192755E-1,-0.2118463E-1,-0.2046364E-1,-0.1976166E-1,-0.1907691E-1,-0.1840844E-1,-0.1775591E-1,-0.1711938E-1,-0.1649912E-1,-0.1589554E-1,-0.1530902E-1,-0.1473995E-1,-0.1418856E-1,-0.1365505E-1,-0.1313949E-1,-0.1264183E-1,-0.1216193E-1,-0.1169956E-1,-0.1125441E-1,-0.1082612E-1,-0.1041422E-1,-0.1001827E-1,-0.9637732E-2,-0.9272061E-2,-0.8920697E-2,-0.8583053E-2,-0.8258532E-2,-0.7946539E-2,-0.7646462E-2,-0.7357698E-2,-0.7079632E-2,-0.6811657E-2,-0.6553167E-2,-0.6303567E-2,-0.6062244E-2,-0.5828615E-2,-0.5602094E-2,-0.5382111E-2,-0.5168112E-2,-0.4959585E-2,-0.4756052E-2,-0.4557099E-2,-0.4362394E-2,-0.4171715E-2,-0.3984960E-2,-0.3802184E-2,-0.3623595E-2,-0.3449553E-2,-0.3280540E-2,-0.3117114E-2,-0.2959862E-2,-0.2809319E-2,-0.2665930E-2,-0.2529998E-2,-0.2401677E-2,-0.2280961E-2,-0.2167713E-2,-0.2061688E-2
-0.4327627,-0.4805966,-0.3771234,-0.2977966,-0.2393048,-0.1955609,-0.1622933,-0.1365915,-0.1164500,-0.1004631,-0.8762791E-1,-0.7721680E-1,-0.6869353E-1,-0.6165704E-1,-0.5580331E-1,-0.5089893E-1,-0.4676267E-1,-0.4325220E-1,-0.4025465E-1,-0.3767953E-1,-0.3545366E-1,-0.3351726E-1,-0.3182110E-1,-0.3032424E-1,-0.2899242E-1,-0.2779675E-1,-0.2671279E-1,-0.2571991E-1,-0.2480067E-1,-0.2394051E-1,-0.2312744E-1,-0.2235184E-1,-0.2160614E-1,-0.2088469E-1,-0.2018346E-1,-0.1949975E-1,-0.1883192E-1,-0.1817919E-1,-0.1754132E-1,-0.1691845E-1,-0.1631097E-1,-0.1571931E-1,-0.1514393E-1,-0.1458527E-1,-0.1404363E-1,-0.1351922E-1,-0.1301217E-1,-0.1252246E-1,-0.1204999E-1,-0.1159456E-1,-0.1115590E-1,-0.1073366E-1,-0.1032744E-1,-0.9936782E-2,-0.9561192E-2,-0.9200149E-2,-0.8853110E-2,-0.8519510E-2,-0.8198780E-2,-0.7890329E-2,-0.7593571E-2,-0.7307916E-2,-0.7032762E-2,-0.6767524E-2,-0.6511602E-2,-0.6264413E-2,-0.6025363E-2,-0.5793866E-2,-0.5569357E-2,-0.5351272E-2,-0.5139070E-2,-0.4932241E-2,-0.4730315E-2,-0.4532888E-2,-0.4339633E-2,-0.4150331E-2,-0.3964886E-2,-0.3783358E-2,-0.3605956E-2,-0.3433041E-2,-0.3265095E-2,-0.3102682E-2,-0.2946382E-2,-0.2796735E-2,-0.2654185E-2,-0.2519038E-2,-0.2391446E-2,-0.2271408E-2,-0.2158789E-2,-0.2053344E-2
-0.3987104,-0.4445235,-0.3499415,-0.2772096,-0.2234613,-0.1831792,-0.1524803,-0.1287146,-0.1100534,-0.9521274E-1,-0.8327569E-1,-0.7357570E-1,-0.6562089E-1,-0.5904285E-1,-0.5356181E-1,-0.4896272E-1,-0.4507827E-1,-0.4177690E-1,-0.3895405E-1,-0.3652577E-1,-0.3442406E-1,-0.3259322E-1,-0.3098735E-1,-0.2956816E-1,-0.2830352E-1,-0.2716634E-1,-0.2613364E-1,-0.2518597E-1,-0.2430685E-1,-0.2348256E-1,-0.2270179E-1,-0.2195544E-1,-0.2123642E-1,-0.2053944E-1,-0.1986073E-1,-0.1919785E-1,-0.1854937E-1,-0.1791464E-1,-0.1729354E-1,-0.1668635E-1,-0.1609349E-1,-0.1551553E-1,-0.1495295E-1,-0.1440626E-1,-0.1387581E-1,-0.1336188E-1,-0.1286463E-1,-0.1238408E-1,-0.1192017E-1,-0.1147276E-1,-0.1104159E-1,-0.1062634E-1,-0.1022666E-1,-0.9842127E-2,-0.9472255E-2,-0.9116565E-2,-0.8774529E-2,-0.8445617E-2,-0.8129272E-2,-0.7824926E-2,-0.7532014E-2,-0.7249965E-2,-0.6978192E-2,-0.6716127E-2,-0.6463188E-2,-0.6218793E-2,-0.5982377E-2,-0.5753363E-2,-0.5531193E-2,-0.5315315E-2,-0.5105200E-2,-0.4900345E-2,-0.4700291E-2,-0.4504636E-2,-0.4313068E-2,-0.4125369E-2,-0.3941454E-2,-0.3761379E-2,-0.3585358E-2,-0.3413758E-2,-0.3247057E-2,-0.3085822E-2,-0.2930635E-2,-0.2782033E-2,-0.2640462E-2,-0.2506229E-2,-0.2379489E-2,-0.2260240E-2,-0.2148354E-2,-0.2043587E-2
-0.3620511,-0.4056188,-0.3205783,-0.2549338,-0.2062895,-0.1697365,-0.1418080,-0.1201330,-0.1030722,-0.8947253E-1,-0.7850895E-1,-0.6958073E-1,-0.6224367E-1,-0.5616449E-1,-0.5108949E-1,-0.4682345E-1,-0.4321406E-1,-0.4014135E-1,-0.3750979E-1,-0.3524251E-1,-0.3327709E-1,-0.3156230E-1,-0.3005578E-1,-0.2872216E-1,-0.2753167E-1,-0.2645911E-1,-0.2548311E-1,-0.2458549E-1,-0.2375090E-1,-0.2296646E-1,-0.2222161E-1,-0.2150784E-1,-0.2081858E-1,-0.2014891E-1,-0.1949540E-1,-0.1885586E-1,-0.1822907E-1,-0.1761453E-1,-0.1701230E-1,-0.1642272E-1,-0.1584635E-1,-0.1528380E-1,-0.1473568E-1,-0.1420250E-1,-0.1368470E-1,-0.1318262E-1,-0.1269644E-1,-0.1222627E-1,-0.1177207E-1,-0.1133373E-1,-0.1091105E-1,-0.1050376E-1,-0.1011151E-1,-0.9733925E-2,-0.9370557E-2,-0.9020956E-2,-0.8684621E-2,-0.8361040E-2,-0.8049683E-2,-0.7750020E-2,-0.7461495E-2,-0.7183558E-2,-0.6915641E-2,-0.6657197E-2,-0.6407658E-2,-0.6166465E-2,-0.5933058E-2,-0.5706881E-2,-0.5487384E-2,-0.5274031E-2,-0.5066302E-2,-0.4863706E-2,-0.4665794E-2,-0.4472175E-2,-0.4282539E-2,-0.4096679E-2,-0.3914511E-2,-0.3736104E-2,-0.3561669E-2,-0.3391575E-2,-0.3226304E-2,-0.3066423E-2,-0.2912512E-2,-0.2765111E-2,-0.2624665E-2,-0.2491484E-2,-0.2365720E-2,-0.2247381E-2,-0.2136336E-2,-0.2032348E-2
-0.3235227,-0.3646403,-0.2895887,-0.2313768,-0.1880929,-0.1554621,-0.1304518,-0.1109823,-0.9561230E-1,-0.8332571E-1,-0.7339381E-1,-0.6528474E-1,-0.5860437E-1,-0.5305623E-1,-0.4841423E-1,-0.4450383E-1,-0.4118859E-1,-0.3836082E-1,-0.3593448E-1,-0.3384016E-1,-0.3202137E-1,-0.3043162E-1,-0.2903231E-1,-0.2779117E-1,-0.2668094E-1,-0.2567844E-1,-0.2476400E-1,-0.2392082E-1,-0.2313471E-1,-0.2239375E-1,-0.2168816E-1,-0.2101007E-1,-0.2035341E-1,-0.1971374E-1,-0.1908794E-1,-0.1847411E-1,-0.1787123E-1,-0.1727901E-1,-0.1669762E-1,-0.1612756E-1,-0.1556947E-1,-0.1502403E-1,-0.1449194E-1,-0.1397379E-1,-0.1347008E-1,-0.1298118E-1,-0.1250737E-1,-0.1204876E-1,-0.1160540E-1,-0.1117721E-1,-0.1076402E-1,-0.1036562E-1,-0.9981694E-2,-0.9611895E-2,-0.9255818E-2,-0.8913041E-2,-0.8583097E-2,-0.8265506E-2,-0.7959762E-2,-0.7665351E-2,-0.7381757E-2,-0.7108442E-2,-0.6844870E-2,-0.6590501E-2,-0.6344794E-2,-0.6107208E-2,-0.5877194E-2,-0.5654214E-2,-0.5437735E-2,-0.5227231E-2,-0.5022198E-2,-0.4822154E-2,-0.4626662E-2,-0.4435342E-2,-0.4247893E-2,-0.4064112E-2,-0.3883925E-2,-0.3707403E-2,-0.3534765E-2,-0.3366379E-2,-0.3202727E-2,-0.3044380E-2,-0.2891917E-2,-0.2745877E-2,-0.2606707E-2,-0.2474715E-2,-0.2350063E-2,-0.2232754E-2,-0.2122665E-2,-0.2019562E-2
-0.2839693,-0.3224576,-0.2576113,-0.2070095,-0.1692237,-0.1406231,-0.1186167,-0.1014216,-0.8779842E-1,-0.7687095E-1,-0.6800885E-1,-0.6075080E-1,-0.5475394E-1,-0.4975958E-1,-0.4556988E-1,-0.4203168E-1,-0.3902487E-1,-0.3645437E-1,-0.3424393E-1,-0.3233193E-1,-0.3066798E-1,-0.2921047E-1,-0.2792480E-1,-0.2678183E-1,-0.2575691E-1,-0.2482906E-1,-0.2398030E-1,-0.2319535E-1,-0.2246117E-1,-0.2176687E-1,-0.2110349E-1,-0.2046383E-1,-0.1984239E-1,-0.1923514E-1,-0.1863936E-1,-0.1805341E-1,-0.1747654E-1,-0.1690861E-1,-0.1634996E-1,-0.1580120E-1,-0.1526306E-1,-0.1473637E-1,-0.1422185E-1,-0.1372019E-1,-0.1323194E-1,-0.1275754E-1,-0.1229732E-1,-0.1185146E-1,-0.1142004E-1,-0.1100304E-1,-0.1060033E-1,-0.1021175E-1,-0.9837021E-2,-0.9475837E-2,-0.9127836E-2,-0.8792618E-2,-0.8469758E-2,-0.8158808E-2,-0.7859284E-2,-0.7570716E-2,-0.7292598E-2,-0.7024424E-2,-0.6765678E-2,-0.6515850E-2,-0.6274407E-2,-0.6040834E-2,-0.5814600E-2,-0.5595190E-2,-0.5382075E-2,-0.5174751E-2,-0.4972726E-2,-0.4775533E-2,-0.4582747E-2,-0.4393996E-2,-0.4208990E-2,-0.4027536E-2,-0.3849568E-2,-0.3675159E-2,-0.3504531E-2,-0.3338057E-2,-0.3176222E-2,-0.3019594E-2,-0.2868752E-2,-0.2724240E-2,-0.2586500E-2,-0.2455846E-2,-0.2332439E-2,-0.2216288E-2,-0.2107272E-2,-0.2005163E-2
-0.2443138,-0.2800255,-0.2253495,-0.1823521,-0.1500725,-0.1255167,-0.1065316,-0.9162942E-1,-0.7977112E-1,-0.7021993E-1,-0.6244354E-1,-0.5605112E-1,-0.5075102E-1,-0.4632244E-1,-0.4259587E-1,-0.3943958E-1,-0.3674996E-1,-0.3444454E-1,-0.3245710E-1,-0.3073377E-1,-0.2923037E-1,-0.2791031E-1,-0.2674293E-1,-0.2570239E-1,-0.2476669E-1,-0.2391704E-1,-0.2313725E-1,-0.2241355E-1,-0.2173414E-1,-0.2108916E-1,-0.2047047E-1,-0.1987161E-1,-0.1928763E-1,-0.1871495E-1,-0.1815124E-1,-0.1759515E-1,-0.1704615E-1,-0.1650432E-1,-0.1597013E-1,-0.1544432E-1,-0.1492775E-1,-0.1442130E-1,-0.1392580E-1,-0.1344200E-1,-0.1297052E-1,-0.1251188E-1,-0.1206644E-1,-0.1163443E-1,-0.1121602E-1,-0.1081123E-1,-0.1041996E-1,-0.1004211E-1,-0.9677430E-2,-0.9325673E-2,-0.8986500E-2,-0.8659571E-2,-0.8344481E-2,-0.8040815E-2,-0.7748128E-2,-0.7465973E-2,-0.7193874E-2,-0.6931353E-2,-0.6677924E-2,-0.6433089E-2,-0.6196348E-2,-0.5967201E-2,-0.5745139E-2,-0.5529660E-2,-0.5320261E-2,-0.5116452E-2,-0.4917752E-2,-0.4723712E-2,-0.4533919E-2,-0.4348013E-2,-0.4165713E-2,-0.3986838E-2,-0.3811327E-2,-0.3639258E-2,-0.3470862E-2,-0.3306511E-2,-0.3146693E-2,-0.2991973E-2,-0.2842936E-2,-0.2700120E-2,-0.2563971E-2,-0.2434803E-2,-0.2312782E-2,-0.2197917E-2,-0.2090095E-2,-0.1989093E-2
-0.2055231,-0.2383471,-0.1935451,-0.1579555,-0.1310540,-0.1104597,-0.9444205E-1,-0.8179768E-1,-0.7168224E-1,-0.6349376E-1,-0.5679541E-1,-0.5126474E-1,-0.4666015E-1,-0.4279784E-1,-0.3953602E-1,-0.3676400E-1,-0.3439430E-1,-0.3235698E-1,-0.3059557E-1,-0.2906395E-1,-0.2772412E-1,-0.2654439E-1,-0.2549809E-1,-0.2456266E-1,-0.2371872E-1,-0.2294968E-1,-0.2224119E-1,-0.2158096E-1,-0.2095844E-1,-0.2036481E-1,-0.1979280E-1,-0.1923664E-1,-0.1869195E-1,-0.1815564E-1,-0.1762573E-1,-0.1710119E-1,-0.1658171E-1,-0.1606756E-1,-0.1555937E-1,-0.1505801E-1,-0.1456443E-1,-0.1407960E-1,-0.1360445E-1,-0.1313979E-1,-0.1268631E-1,-0.1224458E-1,-0.1181504E-1,-0.1139798E-1,-0.1099359E-1,-0.1060195E-1,-0.1022304E-1,-0.9856778E-2,-0.9502981E-2,-0.9161431E-2,-0.8831839E-2,-0.8513895E-2,-0.8207235E-2,-0.7911484E-2,-0.7626228E-2,-0.7351050E-2,-0.7085505E-2,-0.6829147E-2,-0.6581509E-2,-0.6342125E-2,-0.6110514E-2,-0.5886199E-2,-0.5668700E-2,-0.5457521E-2,-0.5252189E-2,-0.5052226E-2,-0.4857171E-2,-0.4666587E-2,-0.4480075E-2,-0.4297290E-2,-0.4117961E-2,-0.3941918E-2,-0.3769106E-2,-0.3599614E-2,-0.3433672E-2,-0.3271657E-2,-0.3114059E-2,-0.2961441E-2,-0.2814391E-2,-0.2673443E-2,-0.2539048E-2,-0.2411521E-2,-0.2291026E-2,-0.2177582E-2,-0.2071077E-2,-0.1971294E-2
-0.1685619,-0.1984288,-0.1629453,-0.1343768,-0.1125901,-0.9577622E-1,-0.8259974E-1,-0.7212456E-1,-0.6368916E-1,-0.5681874E-1,-0.5116653E-1,-0.4647494E-1,-0.4254974E-1,-0.3924235E-1,-0.3643737E-1,-0.3404425E-1,-0.3199093E-1,-0.3021955E-1,-0.2868303E-1,-0.2734271E-1,-0.2616654E-1,-0.2512761E-1,-0.2420316E-1,-0.2337378E-1,-0.2262271E-1,-0.2193548E-1,-0.2129954E-1,-0.2070407E-1,-0.2013979E-1,-0.1959888E-1,-0.1907491E-1,-0.1856283E-1,-0.1805883E-1,-0.1756028E-1,-0.1706556E-1,-0.1657394E-1,-0.1608535E-1,-0.1560022E-1,-0.1511935E-1,-0.1464373E-1,-0.1417440E-1,-0.1371244E-1,-0.1325882E-1,-0.1281445E-1,-0.1238008E-1,-0.1195634E-1,-0.1154371E-1,-0.1114256E-1,-0.1075314E-1,-0.1037556E-1,-0.1000987E-1,-0.9656020E-2,-0.9313880E-2,-0.8983278E-2,-0.8663974E-2,-0.8355684E-2,-0.8058094E-2,-0.7770864E-2,-0.7493616E-2,-0.7225963E-2,-0.6967490E-2,-0.6717783E-2,-0.6476408E-2,-0.6242915E-2,-0.6016859E-2,-0.5797783E-2,-0.5585219E-2,-0.5378710E-2,-0.5177789E-2,-0.4982003E-2,-0.4790906E-2,-0.4604080E-2,-0.4421137E-2,-0.4241750E-2,-0.4065658E-2,-0.3892701E-2,-0.3722835E-2,-0.3556152E-2,-0.3392888E-2,-0.3233425E-2,-0.3078250E-2,-0.2927931E-2,-0.2783051E-2,-0.2644150E-2,-0.2511674E-2,-0.2385940E-2,-0.2267118E-2,-0.2155229E-2,-0.2050167E-2,-0.1951721E-2
-0.1343417,-0.1612273,-0.1342649,-0.1121521,-0.9508892E-1,-0.8178124E-1,-0.7125119E-1,-0.6280517E-1,-0.5594799E-1,-0.5032086E-1,-0.4565949E-1,-0.4176583E-1,-0.3848929E-1,-0.3571372E-1,-0.3334826E-1,-0.3132103E-1,-0.2957436E-1,-0.2806162E-1,-0.2674458E-1,-0.2559160E-1,-0.2457622E-1,-0.2367611E-1,-0.2287217E-1,-0.2214801E-1,-0.2148937E-1,-0.2088385E-1,-0.2032061E-1,-0.1979026E-1,-0.1928471E-1,-0.1879714E-1,-0.1832197E-1,-0.1785480E-1,-0.1739239E-1,-0.1693254E-1,-0.1647401E-1,-0.1601634E-1,-0.1555968E-1,-0.1510464E-1,-0.1465216E-1,-0.1420333E-1,-0.1375932E-1,-0.1332125E-1,-0.1289020E-1,-0.1246712E-1,-0.1205284E-1,-0.1164803E-1,-0.1125324E-1,-0.1086890E-1,-0.1049529E-1,-0.1013260E-1,-0.9780909E-2,-0.9440227E-2,-0.9110472E-2,-0.8791517E-2,-0.8483152E-2,-0.8185158E-2,-0.7897241E-2,-0.7619105E-2,-0.7350410E-2,-0.7090802E-2,-0.6839904E-2,-0.6597322E-2,-0.6362652E-2,-0.6135487E-2,-0.5915392E-2,-0.5701941E-2,-0.5494690E-2,-0.5293204E-2,-0.5097036E-2,-0.4905751E-2,-0.4718922E-2,-0.4536149E-2,-0.4357064E-2,-0.4181346E-2,-0.4008756E-2,-0.3839137E-2,-0.3672458E-2,-0.3508817E-2,-0.3348457E-2,-0.3191760E-2,-0.3039215E-2,-0.2891392E-2,-0.2748869E-2,-0.2612189E-2,-0.2481798E-2,-0.2358014E-2,-0.2241011E-2,-0.2130814E-2,-0.2027322E-2,-0.1930331E-2
-0.1036657,-0.1275927,-0.1081443,-0.9176576E-1,-0.7892244E-1,-0.6876455E-1,-0.6062505E-1,-0.5402190E-1,-0.4860571E-1,-0.4411977E-1,-0.4037249E-1,-0.3721863E-1,-0.3454642E-1,-0.3226873E-1,-0.3031659E-1,-0.2863497E-1,-0.2717922E-1,-0.2591289E-1,-0.2480582E-1,-0.2383275E-1,-0.2297244E-1,-0.2220669E-1,-0.2151986E-1,-0.2089833E-1,-0.2033019E-1,-0.1980496E-1,-0.1931343E-1,-0.1884756E-1,-0.1840039E-1,-0.1796605E-1,-0.1753974E-1,-0.1711772E-1,-0.1669727E-1,-0.1627661E-1,-0.1585485E-1,-0.1543177E-1,-0.1500775E-1,-0.1458356E-1,-0.1416027E-1,-0.1373906E-1,-0.1332119E-1,-0.1290786E-1,-0.1250021E-1,-0.1209927E-1,-0.1170588E-1,-0.1132082E-1,-0.1094467E-1,-0.1057790E-1,-0.1022086E-1,-0.9873786E-2,-0.9536806E-2,-0.9209977E-2,-0.8893262E-2,-0.8586581E-2,-0.8289773E-2,-0.8002649E-2,-0.7724967E-2,-0.7456463E-2,-0.7196832E-2,-0.6945760E-2,-0.6702903E-2,-0.6467894E-2,-0.6240366E-2,-0.6019933E-2,-0.5806191E-2,-0.5598740E-2,-0.5397160E-2,-0.5201038E-2,-0.5009946E-2,-0.4823477E-2,-0.4641220E-2,-0.4462792E-2,-0.4287838E-2,-0.4116062E-2,-0.3947228E-2,-0.3781199E-2,-0.3617946E-2,-0.3457580E-2,-0.3300346E-2,-0.3146628E-2,-0.2996921E-2,-0.2851787E-2,-0.2711809E-2,-0.2577526E-2,-0.2449386E-2,-0.2327709E-2,-0.2212671E-2,-0.2104301E-2,-0.2002507E-2,-0.1907089E-2
-0.7717234E-1,-0.9821226E-1,-0.8510806E-1,-0.7361991E-1,-0.6440345E-1,-0.5697282E-1,-0.5091837E-1,-0.4593397E-1,-0.4179226E-1,-0.3832241E-1,-0.3539434E-1,-0.3290762E-1,-0.3078371E-1,-0.2896031E-1,-0.2738750E-1,-0.2602476E-1,-0.2483886E-1,-0.2380223E-1,-0.2289185E-1,-0.2208815E-1,-0.2137445E-1,-0.2073633E-1,-0.2016122E-1,-0.1963805E-1,-0.1915701E-1,-0.1870940E-1,-0.1828749E-1,-0.1788449E-1,-0.1749450E-1,-0.1711252E-1,-0.1673448E-1,-0.1635725E-1,-0.1597860E-1,-0.1559715E-1,-0.1521229E-1,-0.1482407E-1,-0.1443304E-1,-0.1404014E-1,-0.1364652E-1,-0.1325348E-1,-0.1286234E-1,-0.1247437E-1,-0.1209076E-1,-0.1171259E-1,-0.1134077E-1,-0.1097610E-1,-0.1061925E-1,-0.1027070E-1,-0.9930869E-2,-0.9600039E-2,-0.9278381E-2,-0.8966002E-2,-0.8662909E-2,-0.8369062E-2,-0.8084351E-2,-0.7808623E-2,-0.7541681E-2,-0.7283296E-2,-0.7033201E-2,-0.6791117E-2,-0.6556728E-2,-0.6329716E-2,-0.6109728E-2,-0.5896409E-2,-0.5689393E-2,-0.5488293E-2,-0.5292725E-2,-0.5102290E-2,-0.4916597E-2,-0.4735242E-2,-0.4557847E-2,-0.4384042E-2,-0.4213492E-2,-0.4045915E-2,-0.3881091E-2,-0.3718892E-2,-0.3559304E-2,-0.3402438E-2,-0.3248548E-2,-0.3098022E-2,-0.2951351E-2,-0.2809099E-2,-0.2671850E-2,-0.2540139E-2,-0.2414415E-2,-0.2294999E-2,-0.2182072E-2,-0.2075668E-2,-0.1975698E-2,-0.1881973E-2
-0.5528535E-1,-0.7355687E-1,-0.6552584E-1,-0.5800544E-1,-0.5176384E-1,-0.4659349E-1,-0.4228413E-1,-0.3866760E-1,-0.3561271E-1,-0.3301693E-1,-0.3079947E-1,-0.2889612E-1,-0.2725529E-1,-0.2583512E-1,-0.2460130E-1,-0.2352545E-1,-0.2258384E-1,-0.2175648E-1,-0.2102628E-1,-0.2037863E-1,-0.1980077E-1,-0.1928153E-1,-0.1881101E-1,-0.1838039E-1,-0.1798172E-1,-0.1760788E-1,-0.1725247E-1,-0.1690984E-1,-0.1657500E-1,-0.1624379E-1,-0.1591279E-1,-0.1557941E-1,-0.1524186E-1,-0.1489913E-1,-0.1455088E-1,-0.1419738E-1,-0.1383935E-1,-0.1347783E-1,-0.1311408E-1,-0.1274949E-1,-0.1238540E-1,-0.1202317E-1,-0.1166402E-1,-0.1130907E-1,-0.1095930E-1,-0.1061552E-1,-0.1027846E-1,-0.9948649E-2,-0.9626539E-2,-0.9312457E-2,-0.9006631E-2,-0.8709199E-2,-0.8420219E-2,-0.8139691E-2,-0.7867547E-2,-0.7603676E-2,-0.7347920E-2,-0.7100084E-2,-0.6859945E-2,-0.6627257E-2,-0.6401731E-2,-0.6183092E-2,-0.5971008E-2,-0.5765162E-2,-0.5565206E-2,-0.5370788E-2,-0.5181545E-2,-0.4997110E-2,-0.4817101E-2,-0.4641153E-2,-0.4468892E-2,-0.4299979E-2,-0.4134092E-2,-0.3970964E-2,-0.3810389E-2,-0.3652255E-2,-0.3496556E-2,-0.3343410E-2,-0.3193078E-2,-0.3045948E-2,-0.2902512E-2,-0.2763334E-2,-0.2628993E-2,-0.2500026E-2,-0.2376880E-2,-0.2259880E-2,-0.2149208E-2,-0.2044902E-2,-0.1946883E-2,-0.1854966E-2
-0.3817318E-1,-0.5383892E-1,-0.4958098E-1,-0.4507855E-1,-0.4113682E-1,-0.3774050E-1,-0.3482038E-1,-0.3230738E-1,-0.3014037E-1,-0.2826708E-1,-0.2664354E-1,-0.2523286E-1,-0.2400401E-1,-0.2293090E-1,-0.2199140E-1,-0.2116668E-1,-0.2044058E-1,-0.1979915E-1,-0.1923024E-1,-0.1872317E-1,-0.1826846E-1,-0.1785768E-1,-0.1748315E-1,-0.1713797E-1,-0.1681580E-1,-0.1651088E-1,-0.1621795E-1,-0.1593233E-1,-0.1564992E-1,-0.1536722E-1,-0.1508141E-1,-0.1479039E-1,-0.1449276E-1,-0.1418782E-1,-0.1387547E-1,-0.1355616E-1,-0.1323075E-1,-0.1290038E-1,-0.1256640E-1,-0.1223022E-1,-0.1189326E-1,-0.1155691E-1,-0.1122242E-1,-0.1089094E-1,-0.1056349E-1,-0.1024093E-1,-0.9923993E-2,-0.9613276E-2,-0.9309264E-2,-0.9012317E-2,-0.8722711E-2,-0.8440620E-2,-0.8166147E-2,-0.7899335E-2,-0.7640144E-2,-0.7388515E-2,-0.7144324E-2,-0.6907414E-2,-0.6677592E-2,-0.6454649E-2,-0.6238341E-2,-0.6028403E-2,-0.5824553E-2,-0.5626493E-2,-0.5433910E-2,-0.5246474E-2,-0.5063850E-2,-0.4885691E-2,-0.4711645E-2,-0.4541362E-2,-0.4374497E-2,-0.4210722E-2,-0.4049739E-2,-0.3891297E-2,-0.3735204E-2,-0.3581358E-2,-0.3429765E-2,-0.3280554E-2,-0.3133982E-2,-0.2990445E-2,-0.2850434E-2,-0.2714513E-2,-0.2583256E-2,-0.2457200E-2,-0.2336791E-2,-0.2222356E-2,-0.2114078E-2,-0.2012005E-2,-0.1916059E-2,-0.1826068E-2
-0.2572585E-1,-0.3898781E-1,-0.3725104E-1,-0.3484531E-1,-0.3254500E-1,-0.3044530E-1,-0.2856272E-1,-0.2689028E-1,-0.2541182E-1,-0.2410813E-1,-0.2296000E-1,-0.2194917E-1,-0.2105900E-1,-0.2027459E-1,-0.1958262E-1,-0.1897126E-1,-0.1843002E-1,-0.1794951E-1,-0.1752136E-1,-0.1713795E-1,-0.1679243E-1,-0.1647847E-1,-0.1619028E-1,-0.1592247E-1,-0.1567002E-1,-0.1542832E-1,-0.1519309E-1,-0.1496049E-1,-0.1472711E-1,-0.1449008E-1,-0.1424709E-1,-0.1399644E-1,-0.1373708E-1,-0.1346856E-1,-0.1319100E-1,-0.1290499E-1,-0.1261149E-1,-0.1231172E-1,-0.1200708E-1,-0.1169902E-1,-0.1138900E-1,-0.1107842E-1,-0.1076856E-1,-0.1046059E-1,-0.1015555E-1,-0.9854341E-2,-0.9557712E-2,-0.9266298E-2,-0.8980609E-2,-0.8701056E-2,-0.8427939E-2,-0.8161479E-2,-0.7901802E-2,-0.7648997E-2,-0.7403067E-2,-0.7163982E-2,-0.6931657E-2,-0.6705973E-2,-0.6486774E-2,-0.6273875E-2,-0.6067071E-2,-0.5866130E-2,-0.5670797E-2,-0.5480804E-2,-0.5295860E-2,-0.5115673E-2,-0.4939925E-2,-0.4768295E-2,-0.4600458E-2,-0.4436084E-2,-0.4274847E-2,-0.4116442E-2,-0.3960589E-2,-0.3807053E-2,-0.3655656E-2,-0.3506308E-2,-0.3359027E-2,-0.3213945E-2,-0.3071331E-2,-0.2931577E-2,-0.2795173E-2,-0.2662683E-2,-0.2534680E-2,-0.2411696E-2,-0.2294178E-2,-0.2182452E-2,-0.2076707E-2,-0.1976992E-2,-0.1883241E-2,-0.1795286E-2
-0.1755322E-1,-0.2864503E-1,-0.2830306E-1,-0.2715770E-1,-0.2589623E-1,-0.2465280E-1,-0.2348085E-1,-0.2240255E-1,-0.2142433E-1,-0.2054465E-1,-0.1975803E-1,-0.1905715E-1,-0.1843405E-1,-0.1788085E-1,-0.1738991E-1,-0.1695410E-1,-0.1656673E-1,-0.1622164E-1,-0.1591313E-1,-0.1563584E-1,-0.1538484E-1,-0.1515544E-1,-0.1494323E-1,-0.1474406E-1,-0.1455396E-1,-0.1436922E-1,-0.1418636E-1,-0.1400223E-1,-0.1381402E-1,-0.1361935E-1,-0.1341636E-1,-0.1320368E-1,-0.1298055E-1,-0.1274671E-1,-0.1250248E-1,-0.1224852E-1,-0.1198589E-1,-0.1171587E-1,-0.1143988E-1,-0.1115938E-1,-0.1087586E-1,-0.1059070E-1,-0.1030522E-1,-0.1002059E-1,-0.9737861E-2,-0.9457947E-2,-0.9181637E-2,-0.8909571E-2,-0.8642304E-2,-0.8380256E-2,-0.8123765E-2,-0.7873093E-2,-0.7628403E-2,-0.7389803E-2,-0.7157342E-2,-0.6931021E-2,-0.6710791E-2,-0.6496564E-2,-0.6288217E-2,-0.6085601E-2,-0.5888537E-2,-0.5696827E-2,-0.5510245E-2,-0.5328550E-2,-0.5151481E-2,-0.4978767E-2,-0.4810120E-2,-0.4645243E-2,-0.4483832E-2,-0.4325580E-2,-0.4170184E-2,-0.4017356E-2,-0.3866837E-2,-0.3718404E-2,-0.3571900E-2,-0.3427246E-2,-0.3284466E-2,-0.3143704E-2,-0.3005228E-2,-0.2869432E-2,-0.2736810E-2,-0.2607919E-2,-0.2483327E-2,-0.2363569E-2,-0.2249089E-2,-0.2140210E-2,-0.2037127E-2,-0.1939894E-2,-0.1848453E-2,-0.1762643E-2
-0.1301012E-1,-0.2218789E-1,-0.2230944E-1,-0.2172354E-1,-0.2099015E-1,-0.2022572E-1,-0.1948121E-1,-0.1878121E-1,-0.1813659E-1,-0.1755064E-1,-0.1702258E-1,-0.1654948E-1,-0.1612736E-1,-0.1575174E-1,-0.1541804E-1,-0.1512173E-1,-0.1485845E-1,-0.1462402E-1,-0.1441444E-1,-0.1422590E-1,-0.1405476E-1,-0.1389751E-1,-0.1375077E-1,-0.1361125E-1,-0.1347581E-1,-0.1334143E-1,-0.1320529E-1,-0.1306475E-1,-0.1291749E-1,-0.1276155E-1,-0.1259539E-1,-0.1241794E-1,-0.1222866E-1,-0.1202747E-1,-0.1181478E-1,-0.1159135E-1,-0.1135829E-1,-0.1111688E-1,-0.1086857E-1,-0.1061483E-1,-0.1035712E-1,-0.1009683E-1,-0.9835262E-2,-0.9573600E-2,-0.9312891E-2,-0.9054057E-2,-0.8797894E-2,-0.8545076E-2,-0.8296154E-2,-0.8051598E-2,-0.7811758E-2,-0.7576920E-2,-0.7347284E-2,-0.7122988E-2,-0.6904111E-2,-0.6690687E-2,-0.6482690E-2,-0.6280074E-2,-0.6082744E-2,-0.5890580E-2,-0.5703432E-2,-0.5521134E-2,-0.5343481E-2,-0.5170269E-2,-0.5001260E-2,-0.4836208E-2,-0.4674850E-2,-0.4516912E-2,-0.4362113E-2,-0.4210167E-2,-0.4060795E-2,-0.3913728E-2,-0.3768722E-2,-0.3625574E-2,-0.3484140E-2,-0.3344353E-2,-0.3206248E-2,-0.3069973E-2,-0.2935803E-2,-0.2804132E-2,-0.2675451E-2,-0.2550313E-2,-0.2429286E-2,-0.2312897E-2,-0.2201589E-2,-0.2095690E-2,-0.1995393E-2,-0.1900759E-2,-0.1811737E-2,-0.1728174E-2
-0.1124911E-1,-0.1878112E-1,-0.1868330E-1,-0.1813098E-1,-0.1753545E-1,-0.1695665E-1,-0.1641553E-1,-0.1592030E-1,-0.1547306E-1,-0.1507265E-1,-0.1471640E-1,-0.1440089E-1,-0.1412241E-1,-0.1387726E-1,-0.1366178E-1,-0.1347252E-1,-0.1330614E-1,-0.1315948E-1,-0.1302949E-1,-0.1291328E-1,-0.1280800E-1,-0.1271091E-1,-0.1261933E-1,-0.1253060E-1,-0.1244216E-1,-0.1235151E-1,-0.1225629E-1,-0.1215430E-1,-0.1204359E-1,-0.1192252E-1,-0.1178983E-1,-0.1164465E-1,-0.1148662E-1,-0.1131577E-1,-0.1113261E-1,-0.1093794E-1,-0.1073289E-1,-0.1051875E-1,-0.1029694E-1,-0.1006891E-1,-0.9836119E-2,-0.9599927E-2,-0.9361614E-2,-0.9122349E-2,-0.8883189E-2,-0.8645041E-2,-0.8408708E-2,-0.8174872E-2,-0.7944103E-2,-0.7716877E-2,-0.7493576E-2,-0.7274505E-2,-0.7059881E-2,-0.6849879E-2,-0.6644602E-2,-0.6444111E-2,-0.6248410E-2,-0.6057479E-2,-0.5871254E-2,-0.5689641E-2,-0.5512523E-2,-0.5339756E-2,-0.5171168E-2,-0.5006571E-2,-0.4845761E-2,-0.4688512E-2,-0.4534588E-2,-0.4383737E-2,-0.4235701E-2,-0.4090214E-2,-0.3947019E-2,-0.3805866E-2,-0.3666528E-2,-0.3528821E-2,-0.3392610E-2,-0.3257845E-2,-0.3124569E-2,-0.2992936E-2,-0.2863223E-2,-0.2735826E-2,-0.2611231E-2,-0.2489990E-2,-0.2372663E-2,-0.2259777E-2,-0.2151770E-2,-0.2048971E-2,-0.1951575E-2,-0.1859650E-2,-0.1773149E-2,-0.1691932E-2
-0.1130030E-1,-0.1745537E-1,-0.1673401E-1,-0.1588783E-1,-0.1517781E-1,-0.1458813E-1,-0.1409544E-1,-0.1368134E-1,-0.1333169E-1,-0.1303560E-1,-0.1278442E-1,-0.1257121E-1,-0.1239034E-1,-0.1223705E-1,-0.1210727E-1,-0.1199748E-1,-0.1190455E-1,-0.1182560E-1,-0.1175803E-1,-0.1169932E-1,-0.1164711E-1,-0.1159910E-1,-0.1155303E-1,-0.1150669E-1,-0.1145788E-1,-0.1140450E-1,-0.1134452E-1,-0.1127608E-1,-0.1119751E-1,-0.1110738E-1,-0.1100466E-1,-0.1088866E-1,-0.1075912E-1,-0.1061617E-1,-0.1046034E-1,-0.1029248E-1,-0.1011370E-1,-0.9925267E-2,-0.9728581E-2,-0.9525058E-2,-0.9316099E-2,-0.9103050E-2,-0.8887159E-2,-0.8669569E-2,-0.8451317E-2,-0.8233302E-2,-0.8016331E-2,-0.7801074E-2,-0.7588115E-2,-0.7377937E-2,-0.7170940E-2,-0.6967443E-2,-0.6767689E-2,-0.6571869E-2,-0.6380114E-2,-0.6192503E-2,-0.6009072E-2,-0.5829822E-2,-0.5654717E-2,-0.5483691E-2,-0.5316650E-2,-0.5153473E-2,-0.4994016E-2,-0.4838118E-2,-0.4685595E-2,-0.4536248E-2,-0.4389862E-2,-0.4246206E-2,-0.4105045E-2,-0.3966136E-2,-0.3829240E-2,-0.3694123E-2,-0.3560581E-2,-0.3428440E-2,-0.3297586E-2,-0.3167975E-2,-0.3039661E-2,-0.2912804E-2,-0.2787680E-2,-0.2664687E-2,-0.2544310E-2,-0.2427093E-2,-0.2313593E-2,-0.2204328E-2,-0.2099741E-2,-0.2000151E-2,-0.1905763E-2,-0.1816646E-2,-0.1732761E-2,-0.1653979E-2
-0.1217204E-1,-0.1720797E-1,-0.1573911E-1,-0.1447296E-1,-0.1353687E-1,-0.1283975E-1,-0.1231252E-1,-0.1190834E-1,-0.1159531E-1,-0.1135111E-1,-0.1115998E-1,-0.1101033E-1,-0.1089360E-1,-0.1080322E-1,-0.1073406E-1,-0.1068196E-1,-0.1064348E-1,-0.1061569E-1,-0.1059602E-1,-0.1058212E-1,-0.1057182E-1,-0.1056305E-1,-0.1055381E-1,-0.1054217E-1,-0.1052619E-1,-0.1050402E-1,-0.1047391E-1,-0.1043420E-1,-0.1038344E-1,-0.1032041E-1,-0.1024419E-1,-0.1015424E-1,-0.1005037E-1,-0.9932768E-2,-0.9801976E-2,-0.9658848E-2,-0.9504454E-2,-0.9340044E-2,-0.9166956E-2,-0.8986554E-2,-0.8800200E-2,-0.8609190E-2,-0.8414729E-2,-0.8217936E-2,-0.8019809E-2,-0.7821237E-2,-0.7623010E-2,-0.7425800E-2,-0.7230185E-2,-0.7036653E-2,-0.6845610E-2,-0.6657393E-2,-0.6472253E-2,-0.6290409E-2,-0.6111998E-2,-0.5937127E-2,-0.5765855E-2,-0.5598204E-2,-0.5434161E-2,-0.5273685E-2,-0.5116700E-2,-0.4963113E-2,-0.4812802E-2,-0.4665629E-2,-0.4521433E-2,-0.4380038E-2,-0.4241246E-2,-0.4104855E-2,-0.3970644E-2,-0.3838394E-2,-0.3707882E-2,-0.3578895E-2,-0.3451246E-2,-0.3324774E-2,-0.3199381E-2,-0.3075031E-2,-0.2951787E-2,-0.2829818E-2,-0.2709398E-2,-0.2590924E-2,-0.2474876E-2,-0.2361794E-2,-0.2252229E-2,-0.2146695E-2,-0.2045628E-2,-0.1949349E-2,-0.1858064E-2,-0.1771845E-2,-0.1690664E-2,-0.1614396E-2
-0.1296284E-1,-0.1711554E-1,-0.1502499E-1,-0.1339417E-1,-0.1224877E-1,-0.1143952E-1,-0.1086151E-1,-0.1044534E-1,-0.1014459E-1,-0.9927687E-2,-0.9772682E-2,-0.9664049E-2,-0.9590549E-2,-0.9543940E-2,-0.9517921E-2,-0.9507709E-2,-0.9509441E-2,-0.9519984E-2,-0.9536686E-2,-0.9557236E-2,-0.9579539E-2,-0.9601663E-2,-0.9621752E-2,-0.9638053E-2,-0.9648816E-2,-0.9652384E-2,-0.9647171E-2,-0.9631704E-2,-0.9604689E-2,-0.9565037E-2,-0.9511963E-2,-0.9444983E-2,-0.9363975E-2,-0.9269159E-2,-0.9161063E-2,-0.9040521E-2,-0.8908559E-2,-0.8766375E-2,-0.8615250E-2,-0.8456486E-2,-0.8291381E-2,-0.8121182E-2,-0.7947039E-2,-0.7770028E-2,-0.7591119E-2,-0.7411183E-2,-0.7230969E-2,-0.7051150E-2,-0.6872295E-2,-0.6694896E-2,-0.6519353E-2,-0.6346012E-2,-0.6175140E-2,-0.6006959E-2,-0.5841633E-2,-0.5679279E-2,-0.5519977E-2,-0.5363767E-2,-0.5210655E-2,-0.5060619E-2,-0.4913609E-2,-0.4769550E-2,-0.4628343E-2,-0.4489868E-2,-0.4353988E-2,-0.4220545E-2,-0.4089363E-2,-0.3960262E-2,-0.3833035E-2,-0.3707488E-2,-0.3583413E-2,-0.3460617E-2,-0.3338924E-2,-0.3218194E-2,-0.3098336E-2,-0.2979332E-2,-0.2861246E-2,-0.2744251E-2,-0.2628626E-2,-0.2514766E-2,-0.2403141E-2,-0.2294290E-2,-0.2188753E-2,-0.2087041E-2,-0.1989582E-2,-0.1896700E-2,-0.1808601E-2,-0.1725361E-2,-0.1646957E-2,-0.1573275E-2
-0.1297004E-1,-0.1644473E-1,-0.1404716E-1,-0.1224658E-1,-0.1100879E-1,-0.1015557E-1,-0.9564364E-2,-0.9154496E-2,-0.8872299E-2,-0.8681412E-2,-0.8556752E-2,-0.8480689E-2,-0.8440617E-2,-0.8427332E-2,-0.8433999E-2,-0.8455433E-2,-0.8487595E-2,-0.8527238E-2,-0.8571699E-2,-0.8618684E-2,-0.8666197E-2,-0.8712387E-2,-0.8755543E-2,-0.8794034E-2,-0.8826266E-2,-0.8850724E-2,-0.8865965E-2,-0.8870662E-2,-0.8863629E-2,-0.8843906E-2,-0.8810778E-2,-0.8763826E-2,-0.8702962E-2,-0.8628394E-2,-0.8540669E-2,-0.8440554E-2,-0.8329036E-2,-0.8207235E-2,-0.8076368E-2,-0.7937675E-2,-0.7792381E-2,-0.7641663E-2,-0.7486625E-2,-0.7328297E-2,-0.7167600E-2,-0.7005366E-2,-0.6842334E-2,-0.6679154E-2,-0.6516379E-2,-0.6354494E-2,-0.6193900E-2,-0.6034947E-2,-0.5877903E-2,-0.5722999E-2,-0.5570410E-2,-0.5420270E-2,-0.5272673E-2,-0.5127670E-2,-0.4985288E-2,-0.4845523E-2,-0.4708343E-2,-0.4573691E-2,-0.4441489E-2,-0.4311633E-2,-0.4184005E-2,-0.4058469E-2,-0.3934869E-2,-0.3813035E-2,-0.3692792E-2,-0.3573952E-2,-0.3456331E-2,-0.3339750E-2,-0.3224050E-2,-0.3109104E-2,-0.2994832E-2,-0.2881226E-2,-0.2768359E-2,-0.2656404E-2,-0.2545643E-2,-0.2436466E-2,-0.2329341E-2,-0.2224794E-2,-0.2123362E-2,-0.2025546E-2,-0.1931772E-2,-0.1842360E-2,-0.1757516E-2,-0.1677322E-2,-0.1601762E-2,-0.1530730E-2
-0.1177878E-1,-0.1474321E-1,-0.1245709E-1,-0.1076172E-1,-0.9608042E-2,-0.8823891E-2,-0.8291275E-2,-0.7932457E-2,-0.7695699E-2,-0.7545858E-2,-0.7458691E-2,-0.7417138E-2,-0.7409019E-2,-0.7425447E-2,-0.7459856E-2,-0.7507244E-2,-0.7563760E-2,-0.7626323E-2,-0.7692424E-2,-0.7759924E-2,-0.7826962E-2,-0.7891839E-2,-0.7952985E-2,-0.8008895E-2,-0.8058128E-2,-0.8099305E-2,-0.8131104E-2,-0.8152315E-2,-0.8161880E-2,-0.8158907E-2,-0.8142764E-2,-0.8113066E-2,-0.8069749E-2,-0.8013016E-2,-0.7943376E-2,-0.7861560E-2,-0.7768491E-2,-0.7665219E-2,-0.7552885E-2,-0.7432651E-2,-0.7305669E-2,-0.7173052E-2,-0.7035839E-2,-0.6895004E-2,-0.6751426E-2,-0.6605900E-2,-0.6459136E-2,-0.6311751E-2,-0.6164286E-2,-0.6017223E-2,-0.5870944E-2,-0.5725800E-2,-0.5582066E-2,-0.5439974E-2,-0.5299704E-2,-0.5161402E-2,-0.5025169E-2,-0.4891078E-2,-0.4759163E-2,-0.4629437E-2,-0.4501883E-2,-0.4376460E-2,-0.4253109E-2,-0.4131741E-2,-0.4012257E-2,-0.3894536E-2,-0.3778441E-2,-0.3663820E-2,-0.3550515E-2,-0.3438351E-2,-0.3327165E-2,-0.3216789E-2,-0.3107083E-2,-0.2997932E-2,-0.2889267E-2,-0.2781088E-2,-0.2673471E-2,-0.2566600E-2,-0.2460749E-2,-0.2356306E-2,-0.2253732E-2,-0.2153546E-2,-0.2056278E-2,-0.1962417E-2,-0.1872384E-2,-0.1786499E-2,-0.1704966E-2,-0.1627873E-2,-0.1555209E-2,-0.1486878E-2
-0.9313690E-2,-0.1189527E-1,-0.1014380E-1,-0.8839081E-2,-0.7957643E-2,-0.7366947E-2,-0.6975278E-2,-0.6721829E-2,-0.6565797E-2,-0.6479379E-2,-0.6443242E-2,-0.6443661E-2,-0.6470786E-2,-0.6517404E-2,-0.6578087E-2,-0.6648724E-2,-0.6726087E-2,-0.6807606E-2,-0.6891127E-2,-0.6974832E-2,-0.7057099E-2,-0.7136453E-2,-0.7211506E-2,-0.7280929E-2,-0.7343429E-2,-0.7397760E-2,-0.7442745E-2,-0.7477285E-2,-0.7500411E-2,-0.7511324E-2,-0.7509442E-2,-0.7494424E-2,-0.7466214E-2,-0.7425009E-2,-0.7371278E-2,-0.7305698E-2,-0.7229129E-2,-0.7142552E-2,-0.7047025E-2,-0.6943625E-2,-0.6833436E-2,-0.6717491E-2,-0.6596777E-2,-0.6472208E-2,-0.6344601E-2,-0.6214724E-2,-0.6083242E-2,-0.5950749E-2,-0.5817766E-2,-0.5684752E-2,-0.5552089E-2,-0.5420111E-2,-0.5289099E-2,-0.5159284E-2,-0.5030848E-2,-0.4903944E-2,-0.4778682E-2,-0.4655140E-2,-0.4533371E-2,-0.4413392E-2,-0.4295208E-2,-0.4178785E-2,-0.4064080E-2,-0.3951023E-2,-0.3839526E-2,-0.3729484E-2,-0.3620778E-2,-0.3513271E-2,-0.3406818E-2,-0.3301264E-2,-0.3196458E-2,-0.3092248E-2,-0.2988508E-2,-0.2885132E-2,-0.2782063E-2,-0.2679311E-2,-0.2576957E-2,-0.2475180E-2,-0.2374262E-2,-0.2274581E-2,-0.2176592E-2,-0.2080804E-2,-0.1987734E-2,-0.1897868E-2,-0.1811620E-2,-0.1729303E-2,-0.1651125E-2,-0.1577174E-2,-0.1507447E-2,-0.1441855E-2
-0.5838625E-2,-0.8125014E-2,-0.7239312E-2,-0.6551813E-2,-0.6094275E-2,-0.5799051E-2,-0.5617160E-2,-0.5515383E-2,-0.5471073E-2,-0.5468418E-2,-0.5496210E-2,-0.5546327E-2,-0.5612799E-2,-0.5691123E-2,-0.5777866E-2,-0.5870309E-2,-0.5966277E-2,-0.6063948E-2,-0.6161779E-2,-0.6258394E-2,-0.6352523E-2,-0.6442979E-2,-0.6528615E-2,-0.6608294E-2,-0.6680905E-2,-0.6745361E-2,-0.6800605E-2,-0.6845670E-2,-0.6879663E-2,-0.6901882E-2,-0.6911800E-2,-0.6909100E-2,-0.6893736E-2,-0.6865894E-2,-0.6825999E-2,-0.6774684E-2,-0.6712731E-2,-0.6641062E-2,-0.6560636E-2,-0.6472469E-2,-0.6377556E-2,-0.6276862E-2,-0.6171302E-2,-0.6061728E-2,-0.5948918E-2,-0.5833582E-2,-0.5716359E-2,-0.5597803E-2,-0.5478418E-2,-0.5358636E-2,-0.5238830E-2,-0.5119326E-2,-0.5000392E-2,-0.4882263E-2,-0.4765122E-2,-0.4649119E-2,-0.4534374E-2,-0.4420973E-2,-0.4308973E-2,-0.4198407E-2,-0.4089280E-2,-0.3981582E-2,-0.3875276E-2,-0.3770304E-2,-0.3666596E-2,-0.3564058E-2,-0.3462583E-2,-0.3362051E-2,-0.3262331E-2,-0.3163284E-2,-0.3064770E-2,-0.2966653E-2,-0.2868817E-2,-0.2771168E-2,-0.2673659E-2,-0.2576304E-2,-0.2479194E-2,-0.2382507E-2,-0.2286518E-2,-0.2191603E-2,-0.2098209E-2,-0.2006833E-2,-0.1917984E-2,-0.1832136E-2,-0.1749695E-2,-0.1670974E-2,-0.1596176E-2,-0.1525395E-2,-0.1458633E-2,-0.1395810E-2
-0.1897364E-2,-0.3940860E-2,-0.4081233E-2,-0.4122049E-2,-0.4163837E-2,-0.4215396E-2,-0.4278134E-2,-0.4351587E-2,-0.4434586E-2,-0.4525711E-2,-0.4623512E-2,-0.4726582E-2,-0.4833655E-2,-0.4943543E-2,-0.5055182E-2,-0.5167591E-2,-0.5279842E-2,-0.5391065E-2,-0.5500414E-2,-0.5607042E-2,-0.5710114E-2,-0.5808772E-2,-0.5902119E-2,-0.5989254E-2,-0.6069249E-2,-0.6141176E-2,-0.6204123E-2,-0.6257222E-2,-0.6299696E-2,-0.6330910E-2,-0.6350387E-2,-0.6357840E-2,-0.6353239E-2,-0.6336740E-2,-0.6308741E-2,-0.6269816E-2,-0.6220695E-2,-0.6162201E-2,-0.6095242E-2,-0.6020730E-2,-0.5939598E-2,-0.5852735E-2,-0.5760987E-2,-0.5665144E-2,-0.5565937E-2,-0.5464023E-2,-0.5360004E-2,-0.5254404E-2,-0.5147695E-2,-0.5040290E-2,-0.4932545E-2,-0.4824774E-2,-0.4717234E-2,-0.4610157E-2,-0.4503723E-2,-0.4398085E-2,-0.4293361E-2,-0.4189642E-2,-0.4086994E-2,-0.3985455E-2,-0.3885041E-2,-0.3785747E-2,-0.3687548E-2,-0.3590399E-2,-0.3494239E-2,-0.3398989E-2,-0.3304555E-2,-0.3210826E-2,-0.3117688E-2,-0.3025012E-2,-0.2932668E-2,-0.2840540E-2,-0.2748515E-2,-0.2656516E-2,-0.2564502E-2,-0.2472494E-2,-0.2380583E-2,-0.2288949E-2,-0.2197866E-2,-0.2107700E-2,-0.2018888E-2,-0.1931920E-2,-0.1847289E-2,-0.1765462E-2,-0.1686838E-2,-0.1611721E-2,-0.1540317E-2,-0.1472719E-2,-0.1408937E-2,-0.1348898E-2
0.1803520E-2,-0.2161035E-4,-0.1133893E-2,-0.1866281E-2,-0.2383191E-2,-0.2765078E-2,-0.3060763E-2,-0.3300668E-2,-0.3504069E-2,-0.3683225E-2,-0.3846043E-2,-0.3997576E-2,-0.4141110E-2,-0.4278681E-2,-0.4411542E-2,-0.4540401E-2,-0.4665578E-2,-0.4787122E-2,-0.4904882E-2,-0.5018549E-2,-0.5127690E-2,-0.5231775E-2,-0.5330185E-2,-0.5422218E-2,-0.5507137E-2,-0.5584158E-2,-0.5652504E-2,-0.5711423E-2,-0.5760225E-2,-0.5798339E-2,-0.5825342E-2,-0.5840983E-2,-0.5845218E-2,-0.5838203E-2,-0.5820294E-2,-0.5792009E-2,-0.5754013E-2,-0.5707065E-2,-0.5651983E-2,-0.5589620E-2,-0.5520817E-2,-0.5446394E-2,-0.5367138E-2,-0.5283776E-2,-0.5196981E-2,-0.5107366E-2,-0.5015494E-2,-0.4921849E-2,-0.4826880E-2,-0.4730971E-2,-0.4634466E-2,-0.4537661E-2,-0.4440802E-2,-0.4344109E-2,-0.4247761E-2,-0.4151912E-2,-0.4056678E-2,-0.3962151E-2,-0.3868399E-2,-0.3775465E-2,-0.3683376E-2,-0.3592131E-2,-0.3501716E-2,-0.3412094E-2,-0.3323209E-2,-0.3235000E-2,-0.3147379E-2,-0.3060250E-2,-0.2973507E-2,-0.2887032E-2,-0.2800714E-2,-0.2714440E-2,-0.2628109E-2,-0.2541655E-2,-0.2455045E-2,-0.2368303E-2,-0.2281523E-2,-0.2194885E-2,-0.2108659E-2,-0.2023201E-2,-0.1938941E-2,-0.1856355E-2,-0.1775923E-2,-0.1698103E-2,-0.1623284E-2,-0.1551766E-2,-0.1483751E-2,-0.1419337E-2,-0.1358536E-2,-0.1301285E-2
0.4553838E-2,0.2940211E-2,0.1121868E-2,-0.1175776E-3,-0.9848058E-3,-0.1611301E-2,-0.2079951E-2,-0.2443583E-2,-0.2736351E-2,-0.2980585E-2,-0.3191096E-2,-0.3377769E-2,-0.3547292E-2,-0.3704135E-2,-0.3851336E-2,-0.3990891E-2,-0.4124084E-2,-0.4251685E-2,-0.4374092E-2,-0.4491421E-2,-0.4603575E-2,-0.4710280E-2,-0.4811138E-2,-0.4905629E-2,-0.4993160E-2,-0.5073085E-2,-0.5144736E-2,-0.5207453E-2,-0.5260631E-2,-0.5303759E-2,-0.5336450E-2,-0.5358475E-2,-0.5369797E-2,-0.5370548E-2,-0.5361050E-2,-0.5341772E-2,-0.5313315E-2,-0.5276367E-2,-0.5231673E-2,-0.5180008E-2,-0.5122141E-2,-0.5058825E-2,-0.4990780E-2,-0.4918671E-2,-0.4843126E-2,-0.4764700E-2,-0.4683919E-2,-0.4601236E-2,-0.4517066E-2,-0.4431771E-2,-0.4345672E-2,-0.4259045E-2,-0.4172132E-2,-0.4085139E-2,-0.3998239E-2,-0.3911579E-2,-0.3825273E-2,-0.3739417E-2,-0.3654078E-2,-0.3569305E-2,-0.3485125E-2,-0.3401545E-2,-0.3318556E-2,-0.3236132E-2,-0.3154226E-2,-0.3072778E-2,-0.2991717E-2,-0.2910953E-2,-0.2830392E-2,-0.2749928E-2,-0.2669456E-2,-0.2588875E-2,-0.2508098E-2,-0.2427059E-2,-0.2345736E-2,-0.2264157E-2,-0.2182418E-2,-0.2100695E-2,-0.2019254E-2,-0.1938445E-2,-0.1858683E-2,-0.1780432E-2,-0.1704163E-2,-0.1630317E-2,-0.1559276E-2,-0.1491334E-2,-0.1426692E-2,-0.1365446E-2,-0.1307616E-2,-0.1253142E-2
0.5812672E-2,0.4410836E-2,0.2311105E-2,0.8612720E-3,-0.1541934E-3,-0.8857542E-3,-0.1429476E-2,-0.1847116E-2,-0.2178841E-2,-0.2451195E-2,-0.2681919E-2,-0.2883015E-2,-0.3062672E-2,-0.3226500E-2,-0.3378354E-2,-0.3520845E-2,-0.3655746E-2,-0.3784180E-2,-0.3906850E-2,-0.4024085E-2,-0.4135978E-2,-0.4242417E-2,-0.4343122E-2,-0.4437705E-2,-0.4525666E-2,-0.4606459E-2,-0.4679484E-2,-0.4744171E-2,-0.4799957E-2,-0.4846387E-2,-0.4883103E-2,-0.4909889E-2,-0.4926705E-2,-0.4933660E-2,-0.4931039E-2,-0.4919268E-2,-0.4898874E-2,-0.4870485E-2,-0.4834780E-2,-0.4792450E-2,-0.4744203E-2,-0.4690721E-2,-0.4632656E-2,-0.4570624E-2,-0.4505192E-2,-0.4436882E-2,-0.4366162E-2,-0.4293461E-2,-0.4219162E-2,-0.4143600E-2,-0.4067073E-2,-0.3989842E-2,-0.3912134E-2,-0.3834142E-2,-0.3756033E-2,-0.3677948E-2,-0.3599996E-2,-0.3522271E-2,-0.3444845E-2,-0.3367762E-2,-0.3291055E-2,-0.3214734E-2,-0.3138795E-2,-0.3063217E-2,-0.2987960E-2,-0.2912976E-2,-0.2838194E-2,-0.2763540E-2,-0.2688925E-2,-0.2614251E-2,-0.2539427E-2,-0.2464358E-2,-0.2388964E-2,-0.2313190E-2,-0.2237016E-2,-0.2160475E-2,-0.2083662E-2,-0.2006754E-2,-0.1930008E-2,-0.1853765E-2,-0.1778430E-2,-0.1704452E-2,-0.1632288E-2,-0.1562367E-2,-0.1495061E-2,-0.1430657E-2,-0.1369352E-2,-0.1311247E-2,-0.1256362E-2,-0.1204647E-2
0.5357890E-2,0.4165525E-2,0.2272646E-2,0.9554265E-3,0.2659106E-4,-0.6470793E-3,-0.1151114E-2,-0.1540722E-2,-0.1852007E-2,-0.2108915E-2,-0.2327516E-2,-0.2518749E-2,-0.2690098E-2,-0.2846732E-2,-0.2992201E-2,-0.3128948E-2,-0.3258616E-2,-0.3382279E-2,-0.3500585E-2,-0.3613873E-2,-0.3722234E-2,-0.3825575E-2,-0.3923656E-2,-0.4016117E-2,-0.4102507E-2,-0.4182312E-2,-0.4254990E-2,-0.4320001E-2,-0.4376835E-2,-0.4425052E-2,-0.4464316E-2,-0.4494415E-2,-0.4515300E-2,-0.4527058E-2,-0.4529931E-2,-0.4524293E-2,-0.4510623E-2,-0.4489474E-2,-0.4461456E-2,-0.4427200E-2,-0.4387334E-2,-0.4342488E-2,-0.4293244E-2,-0.4240166E-2,-0.4183769E-2,-0.4124532E-2,-0.4062884E-2,-0.3999218E-2,-0.3933883E-2,-0.3867190E-2,-0.3799415E-2,-0.3730804E-2,-0.3661563E-2,-0.3591879E-2,-0.3521904E-2,-0.3451772E-2,-0.3381594E-2,-0.3311457E-2,-0.3241425E-2,-0.3171551E-2,-0.3101863E-2,-0.3032379E-2,-0.2963093E-2,-0.2893992E-2,-0.2825043E-2,-0.2756198E-2,-0.2687402E-2,-0.2618578E-2,-0.2549652E-2,-0.2480534E-2,-0.2411135E-2,-0.2341375E-2,-0.2271178E-2,-0.2200496E-2,-0.2129312E-2,-0.2057664E-2,-0.1985645E-2,-0.1913431E-2,-0.1841269E-2,-0.1769493E-2,-0.1698493E-2,-0.1628706E-2,-0.1560573E-2,-0.1494512E-2,-0.1430882E-2,-0.1369963E-2,-0.1311950E-2,-0.1256944E-2,-0.1204968E-2,-0.1155978E-2
0.3371415E-2,0.2376460E-2,0.1123543E-2,0.2452480E-3,-0.3859667E-3,-0.8544924E-3,-0.1214556E-2,-0.1501263E-2,-0.1737622E-2,-0.1938964E-2,-0.2115579E-2,-0.2274475E-2,-0.2420444E-2,-0.2556755E-2,-0.2685663E-2,-0.2808671E-2,-0.2926764E-2,-0.3040546E-2,-0.3150339E-2,-0.3256240E-2,-0.3358179E-2,-0.3455965E-2,-0.3549276E-2,-0.3637718E-2,-0.3720821E-2,-0.3798072E-2,-0.3868937E-2,-0.3932891E-2,-0.3989435E-2,-0.4038143E-2,-0.4078687E-2,-0.4110852E-2,-0.4134564E-2,-0.4149891E-2,-0.4157034E-2,-0.4156315E-2,-0.4148157E-2,-0.4133053E-2,-0.4111545E-2,-0.4084200E-2,-0.4051584E-2,-0.4014258E-2,-0.3972753E-2,-0.3927580E-2,-0.3879203E-2,-0.3828055E-2,-0.3774533E-2,-0.3718990E-2,-0.3661747E-2,-0.3603092E-2,-0.3543273E-2,-0.3482523E-2,-0.3421028E-2,-0.3358966E-2,-0.3296476E-2,-0.3233687E-2,-0.3170698E-2,-0.3107595E-2,-0.3044442E-2,-0.2981286E-2,-0.2918159E-2,-0.2855079E-2,-0.2792042E-2,-0.2729038E-2,-0.2666037E-2,-0.2603001E-2,-0.2539874E-2,-0.2476592E-2,-0.2413082E-2,-0.2349264E-2,-0.2285057E-2,-0.2220385E-2,-0.2155180E-2,-0.2089399E-2,-0.2023031E-2,-0.1956112E-2,-0.1888739E-2,-0.1821078E-2,-0.1753374E-2,-0.1685947E-2,-0.1619176E-2,-0.1553482E-2,-0.1489292E-2,-0.1427009E-2,-0.1366980E-2,-0.1309482E-2,-0.1254701E-2,-0.1202738E-2,-0.1153623E-2,-0.1107315E-2
0.4276435E-3,-0.3949150E-3,-0.7437209E-3,-0.9937565E-3,-0.1195443E-2,-0.1365797E-2,-0.1515281E-2,-0.1650737E-2,-0.1776661E-2,-0.1896032E-2,-0.2010825E-2,-0.2122331E-2,-0.2231375E-2,-0.2338444E-2,-0.2443812E-2,-0.2547572E-2,-0.2649693E-2,-0.2750034E-2,-0.2848392E-2,-0.2944480E-2,-0.3037955E-2,-0.3128409E-2,-0.3215402E-2,-0.3298437E-2,-0.3376990E-2,-0.3450510E-2,-0.3518449E-2,-0.3580272E-2,-0.3635478E-2,-0.3683646E-2,-0.3724438E-2,-0.3757631E-2,-0.3783140E-2,-0.3800990E-2,-0.3811349E-2,-0.3814491E-2,-0.3810787E-2,-0.3800670E-2,-0.3784619E-2,-0.3763139E-2,-0.3736740E-2,-0.3705920E-2,-0.3671161E-2,-0.3632918E-2,-0.3591613E-2,-0.3547639E-2,-0.3501351E-2,-0.3453074E-2,-0.3403095E-2,-0.3351680E-2,-0.3299057E-2,-0.3245436E-2,-0.3190991E-2,-0.3135883E-2,-0.3080244E-2,-0.3024193E-2,-0.2967822E-2,-0.2911211E-2,-0.2854419E-2,-0.2797497E-2,-0.2740470E-2,-0.2683357E-2,-0.2626159E-2,-0.2568865E-2,-0.2511450E-2,-0.2453878E-2,-0.2396099E-2,-0.2338052E-2,-0.2279677E-2,-0.2220894E-2,-0.2161628E-2,-0.2101809E-2,-0.2041379E-2,-0.1980296E-2,-0.1918552E-2,-0.1856187E-2,-0.1793292E-2,-0.1730032E-2,-0.1666644E-2,-0.1603435E-2,-0.1540771E-2,-0.1479057E-2,-0.1418706E-2,-0.1360106E-2,-0.1303593E-2,-0.1249434E-2,-0.1197813E-2,-0.1148830E-2,-0.1102514E-2,-0.1058834E-2
-0.2628642E-2,-0.3315241E-2,-0.2742017E-2,-0.2346490E-2,-0.2104169E-2,-0.1964482E-2,-0.1893729E-2,-0.1870094E-2,-0.1879196E-2,-0.1911435E-2,-0.1960194E-2,-0.2020875E-2,-0.2090169E-2,-0.2165663E-2,-0.2245547E-2,-0.2328421E-2,-0.2413174E-2,-0.2498879E-2,-0.2584756E-2,-0.2670098E-2,-0.2754252E-2,-0.2836596E-2,-0.2916531E-2,-0.2993451E-2,-0.3066758E-2,-0.3135860E-2,-0.3200179E-2,-0.3259165E-2,-0.3312314E-2,-0.3359195E-2,-0.3399472E-2,-0.3432898E-2,-0.3459374E-2,-0.3478901E-2,-0.3491607E-2,-0.3497723E-2,-0.3497564E-2,-0.3491518E-2,-0.3480003E-2,-0.3463468E-2,-0.3442365E-2,-0.3417138E-2,-0.3388223E-2,-0.3356026E-2,-0.3320927E-2,-0.3283275E-2,-0.3243397E-2,-0.3201583E-2,-0.3158091E-2,-0.3113169E-2,-0.3067019E-2,-0.3019832E-2,-0.2971769E-2,-0.2922978E-2,-0.2873578E-2,-0.2823679E-2,-0.2773368E-2,-0.2722716E-2,-0.2671785E-2,-0.2620613E-2,-0.2569228E-2,-0.2517652E-2,-0.2465882E-2,-0.2413910E-2,-0.2361713E-2,-0.2309259E-2,-0.2256501E-2,-0.2203385E-2,-0.2149849E-2,-0.2095823E-2,-0.2041241E-2,-0.1986035E-2,-0.1930150E-2,-0.1873549E-2,-0.1816228E-2,-0.1758226E-2,-0.1699633E-2,-0.1640609E-2,-0.1581379E-2,-0.1522244E-2,-0.1463551E-2,-0.1405693E-2,-0.1349064E-2,-0.1294040E-2,-0.1240944E-2,-0.1190034E-2,-0.1141490E-2,-0.1095410E-2,-0.1051825E-2,-0.1010709E-2
-0.4898463E-2,-0.5491730E-2,-0.4238225E-2,-0.3362608E-2,-0.2787305E-2,-0.2413003E-2,-0.2173960E-2,-0.2027473E-2,-0.1945349E-2,-0.1908676E-2,-0.1904522E-2,-0.1923866E-2,-0.1960334E-2,-0.2009322E-2,-0.2067443E-2,-0.2132175E-2,-0.2201567E-2,-0.2274106E-2,-0.2348553E-2,-0.2423885E-2,-0.2499217E-2,-0.2573759E-2,-0.2646787E-2,-0.2717622E-2,-0.2785607E-2,-0.2850122E-2,-0.2910571E-2,-0.2966401E-2,-0.3017108E-2,-0.3062255E-2,-0.3101503E-2,-0.3134609E-2,-0.3161447E-2,-0.3181999E-2,-0.3196359E-2,-0.3204725E-2,-0.3207368E-2,-0.3204613E-2,-0.3196845E-2,-0.3184454E-2,-0.3167839E-2,-0.3147402E-2,-0.3123525E-2,-0.3096575E-2,-0.3066894E-2,-0.3034794E-2,-0.3000566E-2,-0.2964473E-2,-0.2926754E-2,-0.2887622E-2,-0.2847268E-2,-0.2805861E-2,-0.2763551E-2,-0.2720467E-2,-0.2676724E-2,-0.2632419E-2,-0.2587632E-2,-0.2542428E-2,-0.2496864E-2,-0.2450974E-2,-0.2404789E-2,-0.2358323E-2,-0.2311576E-2,-0.2264541E-2,-0.2217197E-2,-0.2169515E-2,-0.2121448E-2,-0.2072949E-2,-0.2023958E-2,-0.1974414E-2,-0.1924250E-2,-0.1873406E-2,-0.1821829E-2,-0.1769488E-2,-0.1716379E-2,-0.1662542E-2,-0.1608062E-2,-0.1553097E-2,-0.1497861E-2,-0.1442642E-2,-0.1387776E-2,-0.1333637E-2,-0.1280604E-2,-0.1229037E-2,-0.1179249E-2,-0.1131486E-2,-0.1085925E-2,-0.1042662E-2,-0.1001730E-2,-0.9631069E-3
-0.5690701E-2,-0.6231233E-2,-0.4736350E-2,-0.3686121E-2,-0.2985755E-2,-0.2520171E-2,-0.2213108E-2,-0.2014866E-2,-0.1892538E-2,-0.1823980E-2,-0.1794026E-2,-0.1792082E-2,-0.1810661E-2,-0.1844333E-2,-0.1889146E-2,-0.1942136E-2,-0.2001054E-2,-0.2064142E-2,-0.2130011E-2,-0.2197511E-2,-0.2265677E-2,-0.2333666E-2,-0.2400717E-2,-0.2466133E-2,-0.2529258E-2,-0.2589474E-2,-0.2646198E-2,-0.2698890E-2,-0.2747061E-2,-0.2790291E-2,-0.2828247E-2,-0.2860684E-2,-0.2887471E-2,-0.2908580E-2,-0.2924073E-2,-0.2934116E-2,-0.2938946E-2,-0.2938851E-2,-0.2934161E-2,-0.2925228E-2,-0.2912406E-2,-0.2896049E-2,-0.2876502E-2,-0.2854093E-2,-0.2829123E-2,-0.2801876E-2,-0.2772611E-2,-0.2741567E-2,-0.2708954E-2,-0.2674970E-2,-0.2639784E-2,-0.2603549E-2,-0.2566399E-2,-0.2528453E-2,-0.2489817E-2,-0.2450572E-2,-0.2410797E-2,-0.2370551E-2,-0.2329882E-2,-0.2288827E-2,-0.2247407E-2,-0.2205638E-2,-0.2163522E-2,-0.2121049E-2,-0.2078199E-2,-0.2034945E-2,-0.1991245E-2,-0.1947052E-2,-0.1902313E-2,-0.1856968E-2,-0.1810956E-2,-0.1764220E-2,-0.1716711E-2,-0.1668401E-2,-0.1619288E-2,-0.1569408E-2,-0.1518850E-2,-0.1467758E-2,-0.1416341E-2,-0.1364875E-2,-0.1313680E-2,-0.1263114E-2,-0.1213541E-2,-0.1165305E-2,-0.1118705E-2,-0.1073981E-2,-0.1031301E-2,-0.9907612E-3,-0.9523956E-3,-0.9161847E-3
-0.4754001E-2,-0.5272111E-2,-0.4042799E-2,-0.3173344E-2,-0.2591392E-2,-0.2203553E-2,-0.1947546E-2,-0.1782560E-2,-0.1681490E-2,-0.1625979E-2,-0.1603404E-2,-0.1604892E-2,-0.1624138E-2,-0.1656547E-2,-0.1698749E-2,-0.1748196E-2,-0.1802945E-2,-0.1861474E-2,-0.1922555E-2,-0.1985178E-2,-0.2048476E-2,-0.2111695E-2,-0.2174146E-2,-0.2235206E-2,-0.2294264E-2,-0.2350759E-2,-0.2404156E-2,-0.2453958E-2,-0.2499714E-2,-0.2541030E-2,-0.2577598E-2,-0.2609184E-2,-0.2635662E-2,-0.2656991E-2,-0.2673227E-2,-0.2684509E-2,-0.2691042E-2,-0.2693080E-2,-0.2690916E-2,-0.2684861E-2,-0.2675230E-2,-0.2662342E-2,-0.2646502E-2,-0.2628002E-2,-0.2607117E-2,-0.2584097E-2,-0.2559177E-2,-0.2532568E-2,-0.2504463E-2,-0.2475035E-2,-0.2444437E-2,-0.2412810E-2,-0.2380274E-2,-0.2346934E-2,-0.2312884E-2,-0.2278205E-2,-0.2242960E-2,-0.2207205E-2,-0.2170986E-2,-0.2134331E-2,-0.2097265E-2,-0.2059798E-2,-0.2021930E-2,-0.1983652E-2,-0.1944948E-2,-0.1905788E-2,-0.1866135E-2,-0.1825944E-2,-0.1785165E-2,-0.1743740E-2,-0.1701613E-2,-0.1658732E-2,-0.1615049E-2,-0.1570539E-2,-0.1525201E-2,-0.1479071E-2,-0.1432231E-2,-0.1384823E-2,-0.1337045E-2,-0.1289161E-2,-0.1241475E-2,-0.1194330E-2,-0.1148073E-2,-0.1103033E-2,-0.1059497E-2,-0.1017694E-2,-0.9777874E-3,-0.9398692E-3,-0.9039761E-3,-0.8700918E-3
-0.2395501E-2,-0.2905097E-2,-0.2353999E-2,-0.1956750E-2,-0.1694202E-2,-0.1524584E-2,-0.1419245E-2,-0.1359203E-2,-0.1331582E-2,-0.1327571E-2,-0.1340980E-2,-0.1367396E-2,-0.1403591E-2,-0.1447159E-2,-0.1496296E-2,-0.1549590E-2,-0.1605930E-2,-0.1664395E-2,-0.1724225E-2,-0.1784752E-2,-0.1845383E-2,-0.1905573E-2,-0.1964803E-2,-0.2022573E-2,-0.2078400E-2,-0.2131808E-2,-0.2182346E-2,-0.2229578E-2,-0.2273115E-2,-0.2312606E-2,-0.2347778E-2,-0.2378422E-2,-0.2404423E-2,-0.2425738E-2,-0.2442422E-2,-0.2454591E-2,-0.2462432E-2,-0.2466167E-2,-0.2466060E-2,-0.2462388E-2,-0.2455433E-2,-0.2445481E-2,-0.2432803E-2,-0.2417664E-2,-0.2400304E-2,-0.2380954E-2,-0.2359820E-2,-0.2337097E-2,-0.2312950E-2,-0.2287542E-2,-0.2261006E-2,-0.2233469E-2,-0.2205040E-2,-0.2175812E-2,-0.2145871E-2,-0.2115289E-2,-0.2084125E-2,-0.2052425E-2,-0.2020232E-2,-0.1987572E-2,-0.1954464E-2,-0.1920918E-2,-0.1886935E-2,-0.1852503E-2,-0.1817607E-2,-0.1782217E-2,-0.1746301E-2,-0.1709814E-2,-0.1672707E-2,-0.1634929E-2,-0.1596426E-2,-0.1557146E-2,-0.1517050E-2,-0.1476110E-2,-0.1434325E-2,-0.1391733E-2,-0.1348411E-2,-0.1304493E-2,-0.1260170E-2,-0.1215691E-2,-0.1171348E-2,-0.1127466E-2,-0.1084376E-2,-0.1042392E-2,-0.1001788E-2,-0.9627836E-3,-0.9255346E-3,-0.8901325E-3,-0.8566132E-3,-0.8249643E-3
0.5772134E-3,0.8003620E-4,-0.2214537E-3,-0.4219982E-3,-0.5671175E-3,-0.6785429E-3,-0.7693145E-3,-0.8474898E-3,-0.9180459E-3,-0.9841081E-3,-0.1047620E-2,-0.1109767E-2,-0.1171276E-2,-0.1232533E-2,-0.1293738E-2,-0.1354941E-2,-0.1416102E-2,-0.1477098E-2,-0.1537765E-2,-0.1597891E-2,-0.1657227E-2,-0.1715498E-2,-0.1772401E-2,-0.1827610E-2,-0.1880776E-2,-0.1931544E-2,-0.1979552E-2,-0.2024452E-2,-0.2065913E-2,-0.2103647E-2,-0.2137412E-2,-0.2167037E-2,-0.2192418E-2,-0.2213526E-2,-0.2230406E-2,-0.2243170E-2,-0.2251981E-2,-0.2257041E-2,-0.2258590E-2,-0.2256871E-2,-0.2252143E-2,-0.2244659E-2,-0.2234663E-2,-0.2222393E-2,-0.2208068E-2,-0.2191889E-2,-0.2174044E-2,-0.2154706E-2,-0.2134027E-2,-0.2112149E-2,-0.2089192E-2,-0.2065273E-2,-0.2040486E-2,-0.2014918E-2,-0.1988644E-2,-0.1961728E-2,-0.1934222E-2,-0.1906171E-2,-0.1877609E-2,-0.1848557E-2,-0.1819040E-2,-0.1789055E-2,-0.1758611E-2,-0.1727690E-2,-0.1696279E-2,-0.1664351E-2,-0.1631871E-2,-0.1598799E-2,-0.1565090E-2,-0.1530692E-2,-0.1495555E-2,-0.1459631E-2,-0.1422881E-2,-0.1385282E-2,-0.1346832E-2,-0.1307565E-2,-0.1267558E-2,-0.1226936E-2,-0.1185882E-2,-0.1144631E-2,-0.1103460E-2,-0.1062680E-2,-0.1022605E-2,-0.9835329E-3,-0.9457245E-3,-0.9093913E-3,-0.8746820E-3,-0.8416853E-3,-0.8104370E-3,-0.7809274E-3
0.3103633E-2,0.2636574E-2,0.1617317E-2,0.9102350E-3,0.4177283E-3,0.6543763E-4,-0.1943629E-3,-0.3923467E-3,-0.5484828E-3,-0.6759642E-3,-0.7836188E-3,-0.8774264E-3,-0.9614683E-3,-0.1038547E-2,-0.1110592E-2,-0.1178929E-2,-0.1244445E-2,-0.1307725E-2,-0.1369131E-2,-0.1428855E-2,-0.1486959E-2,-0.1543413E-2,-0.1598106E-2,-0.1650870E-2,-0.1701484E-2,-0.1749699E-2,-0.1795244E-2,-0.1837844E-2,-0.1877231E-2,-0.1913166E-2,-0.1945447E-2,-0.1973932E-2,-0.1998535E-2,-0.2019234E-2,-0.2036075E-2,-0.2049162E-2,-0.2058639E-2,-0.2064693E-2,-0.2067537E-2,-0.2067392E-2,-0.2064492E-2,-0.2059062E-2,-0.2051323E-2,-0.2041488E-2,-0.2029753E-2,-0.2016300E-2,-0.2001296E-2,-0.1984897E-2,-0.1967238E-2,-0.1948450E-2,-0.1928638E-2,-0.1907906E-2,-0.1886339E-2,-0.1864015E-2,-0.1840999E-2,-0.1817352E-2,-0.1793116E-2,-0.1768333E-2,-0.1743034E-2,-0.1717236E-2,-0.1690957E-2,-0.1664201E-2,-0.1636966E-2,-0.1609241E-2,-0.1581010E-2,-0.1552247E-2,-0.1522917E-2,-0.1492985E-2,-0.1462404E-2,-0.1431128E-2,-0.1399110E-2,-0.1366301E-2,-0.1332667E-2,-0.1298183E-2,-0.1262851E-2,-0.1226703E-2,-0.1189809E-2,-0.1152289E-2,-0.1114317E-2,-0.1076115E-2,-0.1037946E-2,-0.1000105E-2,-0.9628890E-3,-0.9265813E-3,-0.8914322E-3,-0.8576400E-3,-0.8253477E-3,-0.7946427E-3,-0.7655596E-3,-0.7380907E-3
0.4247923E-2,0.3833848E-2,0.2501843E-2,0.1570229E-2,0.9220390E-3,0.4608352E-3,0.1241041E-3,-0.1286143E-3,-0.3238225E-3,-0.4791565E-3,-0.6065347E-3,-0.7140980E-3,-0.8074843E-3,-0.8906134E-3,-0.9662423E-3,-0.1036304E-2,-0.1102142E-2,-0.1164702E-2,-0.1224604E-2,-0.1282254E-2,-0.1337885E-2,-0.1391603E-2,-0.1443404E-2,-0.1493217E-2,-0.1540902E-2,-0.1586273E-2,-0.1629125E-2,-0.1669232E-2,-0.1706373E-2,-0.1740342E-2,-0.1770972E-2,-0.1798137E-2,-0.1821763E-2,-0.1841837E-2,-0.1858399E-2,-0.1871543E-2,-0.1881402E-2,-0.1888144E-2,-0.1891959E-2,-0.1893048E-2,-0.1891616E-2,-0.1887870E-2,-0.1882008E-2,-0.1874219E-2,-0.1864680E-2,-0.1853553E-2,-0.1840991E-2,-0.1827131E-2,-0.1812092E-2,-0.1795995E-2,-0.1778934E-2,-0.1760997E-2,-0.1742266E-2,-0.1722806E-2,-0.1702678E-2,-0.1681933E-2,-0.1660611E-2,-0.1638748E-2,-0.1616370E-2,-0.1593494E-2,-0.1570133E-2,-0.1546287E-2,-0.1521958E-2,-0.1497132E-2,-0.1471792E-2,-0.1445912E-2,-0.1419463E-2,-0.1392406E-2,-0.1364701E-2,-0.1336299E-2,-0.1307158E-2,-0.1277233E-2,-0.1246490E-2,-0.1214905E-2,-0.1182479E-2,-0.1149243E-2,-0.1115265E-2,-0.1080656E-2,-0.1045581E-2,-0.1010250E-2,-0.9749134E-3,-0.9398470E-3,-0.9053352E-3,-0.8716459E-3,-0.8390146E-3,-0.8076323E-3,-0.7776353E-3,-0.7491058E-3,-0.7220795E-3,-0.6965512E-3
0.3579833E-2,0.3236215E-2,0.2117659E-2,0.1330675E-2,0.7795100E-3,0.3845657E-3,0.9407788E-4,-0.1256129E-3,-0.2966347E-3,-0.4337644E-3,-0.5470301E-3,-0.6433126E-3,-0.7273872E-3,-0.8025912E-3,-0.8712833E-3,-0.9351266E-3,-0.9952749E-3,-0.1052543E-2,-0.1107471E-2,-0.1160412E-2,-0.1211564E-2,-0.1261018E-2,-0.1308768E-2,-0.1354743E-2,-0.1398817E-2,-0.1440824E-2,-0.1480571E-2,-0.1517854E-2,-0.1552471E-2,-0.1584235E-2,-0.1612989E-2,-0.1638617E-2,-0.1661054E-2,-0.1680279E-2,-0.1696328E-2,-0.1709283E-2,-0.1719261E-2,-0.1726413E-2,-0.1730905E-2,-0.1732919E-2,-0.1732640E-2,-0.1730250E-2,-0.1725926E-2,-0.1719838E-2,-0.1712146E-2,-0.1702991E-2,-0.1692513E-2,-0.1680832E-2,-0.1668058E-2,-0.1654294E-2,-0.1639627E-2,-0.1624135E-2,-0.1607891E-2,-0.1590953E-2,-0.1573375E-2,-0.1555200E-2,-0.1536466E-2,-0.1517203E-2,-0.1497433E-2,-0.1477171E-2,-0.1456427E-2,-0.1435203E-2,-0.1413494E-2,-0.1391287E-2,-0.1368569E-2,-0.1345312E-2,-0.1321487E-2,-0.1297057E-2,-0.1271984E-2,-0.1246223E-2,-0.1219730E-2,-0.1192466E-2,-0.1164396E-2,-0.1135499E-2,-0.1105776E-2,-0.1075254E-2,-0.1043997E-2,-0.1012112E-2,-0.9797529E-3,-0.9471182E-3,-0.9144443E-3,-0.8819919E-3,-0.8500289E-3,-0.8188100E-3,-0.7885582E-3,-0.7594543E-3,-0.7316276E-3,-0.7051585E-3,-0.6800804E-3,-0.6563903E-3
0.1397915E-2,0.1128062E-2,0.6583140E-3,0.3234014E-3,0.8098158E-4,-0.1000026E-3,-0.2397658E-3,-0.3515187E-3,-0.4440203E-3,-0.5231315E-3,-0.5928493E-3,-0.6559183E-3,-0.7142343E-3,-0.7691203E-3,-0.8214897E-3,-0.8719759E-3,-0.9209966E-3,-0.9688235E-3,-0.1015605E-2,-0.1061413E-2,-0.1106231E-2,-0.1150005E-2,-0.1192620E-2,-0.1233932E-2,-0.1273766E-2,-0.1311918E-2,-0.1348179E-2,-0.1382337E-2,-0.1414180E-2,-0.1443522E-2,-0.1470207E-2,-0.1494114E-2,-0.1515175E-2,-0.1533362E-2,-0.1548698E-2,-0.1561255E-2,-0.1571129E-2,-0.1578452E-2,-0.1583373E-2,-0.1586052E-2,-0.1586650E-2,-0.1585332E-2,-0.1582252E-2,-0.1577566E-2,-0.1571413E-2,-0.1563921E-2,-0.1555212E-2,-0.1545395E-2,-0.1534567E-2,-0.1522819E-2,-0.1510231E-2,-0.1496871E-2,-0.1482801E-2,-0.1468075E-2,-0.1452741E-2,-0.1436836E-2,-0.1420393E-2,-0.1403438E-2,-0.1385992E-2,-0.1368063E-2,-0.1349663E-2,-0.1330788E-2,-0.1311437E-2,-0.1291595E-2,-0.1271246E-2,-0.1250366E-2,-0.1228924E-2,-0.1206888E-2,-0.1184220E-2,-0.1160876E-2,-0.1136816E-2,-0.1112000E-2,-0.1086398E-2,-0.1059987E-2,-0.1032769E-2,-0.1004769E-2,-0.9760468E-3,-0.9467030E-3,-0.9168823E-3,-0.8867726E-3,-0.8565953E-3,-0.8265977E-3,-0.7970318E-3,-0.7681376E-3,-0.7401271E-3,-0.7131707E-3,-0.6873917E-3,-0.6628660E-3,-0.6396282E-3,-0.6176746E-3
-0.1335150E-2,-0.1545167E-2,-0.1213043E-2,-0.9853690E-3,-0.8414795E-3,-0.7534113E-3,-0.7027324E-3,-0.6775889E-3,-0.6702040E-3,-0.6753901E-3,-0.6896285E-3,-0.7104685E-3,-0.7361904E-3,-0.7655484E-3,-0.7976194E-3,-0.8317159E-3,-0.8672894E-3,-0.9039071E-3,-0.9412017E-3,-0.9788559E-3,-0.1016581E-2,-0.1054106E-2,-0.1091168E-2,-0.1127510E-2,-0.1162879E-2,-0.1197015E-2,-0.1229671E-2,-0.1260609E-2,-0.1289600E-2,-0.1316446E-2,-0.1340988E-2,-0.1363091E-2,-0.1382681E-2,-0.1399720E-2,-0.1414218E-2,-0.1426231E-2,-0.1435839E-2,-0.1443159E-2,-0.1448313E-2,-0.1451446E-2,-0.1452698E-2,-0.1452217E-2,-0.1450140E-2,-0.1446600E-2,-0.1441724E-2,-0.1435628E-2,-0.1428417E-2,-0.1420190E-2,-0.1411029E-2,-0.1401021E-2,-0.1390232E-2,-0.1378722E-2,-0.1366551E-2,-0.1353762E-2,-0.1340398E-2,-0.1326493E-2,-0.1312075E-2,-0.1297165E-2,-0.1281781E-2,-0.1265932E-2,-0.1249622E-2,-0.1232853E-2,-0.1215617E-2,-0.1197902E-2,-0.1179690E-2,-0.1160959E-2,-0.1141681E-2,-0.1121820E-2,-0.1101341E-2,-0.1080206E-2,-0.1058374E-2,-0.1035806E-2,-0.1012474E-2,-0.9883575E-3,-0.9634554E-3,-0.9377929E-3,-0.9114250E-3,-0.8844471E-3,-0.8569941E-3,-0.8292427E-3,-0.8014013E-3,-0.7737023E-3,-0.7463841E-3,-0.7196728E-3,-0.6937670E-3,-0.6688292E-3,-0.6449762E-3,-0.6222803E-3,-0.6007747E-3,-0.5804575E-3
-0.3370511E-2,-0.3547383E-2,-0.2623093E-2,-0.1977065E-2,-0.1543943E-2,-0.1252988E-2,-0.1057647E-2,-0.9276810E-3,-0.8431755E-3,-0.7907739E-3,-0.7613793E-3,-0.7486838E-3,-0.7482385E-3,-0.7568717E-3,-0.7722763E-3,-0.7927516E-3,-0.8170130E-3,-0.8440872E-3,-0.8732088E-3,-0.9037653E-3,-0.9352428E-3,-0.9672173E-3,-0.9992983E-3,-0.1031152E-2,-0.1062452E-2,-0.1092904E-2,-0.1122230E-2,-0.1150174E-2,-0.1176496E-2,-0.1200989E-2,-0.1223485E-2,-0.1243851E-2,-0.1262001E-2,-0.1277890E-2,-0.1291518E-2,-0.1302927E-2,-0.1312185E-2,-0.1319387E-2,-0.1324644E-2,-0.1328080E-2,-0.1329822E-2,-0.1329994E-2,-0.1328722E-2,-0.1326124E-2,-0.1322313E-2,-0.1317388E-2,-0.1311443E-2,-0.1304570E-2,-0.1296840E-2,-0.1288329E-2,-0.1279096E-2,-0.1269196E-2,-0.1258678E-2,-0.1247582E-2,-0.1235945E-2,-0.1223799E-2,-0.1211165E-2,-0.1198063E-2,-0.1184509E-2,-0.1170506E-2,-0.1156062E-2,-0.1141173E-2,-0.1125832E-2,-0.1110025E-2,-0.1093739E-2,-0.1076947E-2,-0.1059623E-2,-0.1041736E-2,-0.1023250E-2,-0.1004127E-2,-0.9843296E-3,-0.9638217E-3,-0.9425752E-3,-0.9205702E-3,-0.8978066E-3,-0.8743058E-3,-0.8501203E-3,-0.8253388E-3,-0.8000880E-3,-0.7745340E-3,-0.7488728E-3,-0.7233220E-3,-0.6981062E-3,-0.6734379E-3,-0.6495054E-3,-0.6264605E-3,-0.6044143E-3,-0.5834356E-3,-0.5635564E-3,-0.5447764E-3
-0.3742429E-2,-0.3915035E-2,-0.2885786E-2,-0.2161974E-2,-0.1672221E-2,-0.1339326E-2,-0.1112297E-2,-0.9579305E-3,-0.8542471E-3,-0.7864911E-3,-0.7445548E-3,-0.7214190E-3,-0.7121171E-3,-0.7131050E-3,-0.7217955E-3,-0.7362815E-3,-0.7551268E-3,-0.7772461E-3,-0.8017891E-3,-0.8280805E-3,-0.8555669E-3,-0.8837862E-3,-0.9123398E-3,-0.9408700E-3,-0.9690598E-3,-0.9966054E-3,-0.1023235E-2,-0.1048701E-2,-0.1072770E-2,-0.1095245E-2,-0.1115962E-2,-0.1134790E-2,-0.1151645E-2,-0.1166484E-2,-0.1179298E-2,-0.1190120E-2,-0.1199009E-2,-0.1206049E-2,-0.1211336E-2,-0.1214979E-2,-0.1217090E-2,-0.1217783E-2,-0.1217167E-2,-0.1215346E-2,-0.1212424E-2,-0.1208486E-2,-0.1203619E-2,-0.1197901E-2,-0.1191400E-2,-0.1184178E-2,-0.1176291E-2,-0.1167787E-2,-0.1158708E-2,-0.1149091E-2,-0.1138968E-2,-0.1128366E-2,-0.1117305E-2,-0.1105800E-2,-0.1093864E-2,-0.1081502E-2,-0.1068716E-2,-0.1055502E-2,-0.1041856E-2,-0.1027762E-2,-0.1013203E-2,-0.9981585E-3,-0.9826001E-3,-0.9664982E-3,-0.9498206E-3,-0.9325289E-3,-0.9145879E-3,-0.8959635E-3,-0.8766286E-3,-0.8565641E-3,-0.8357685E-3,-0.8142635E-3,-0.7920967E-3,-0.7693503E-3,-0.7461442E-3,-0.7226337E-3,-0.6990013E-3,-0.6754542E-3,-0.6522003E-3,-0.6294405E-3,-0.6073516E-3,-0.5860777E-3,-0.5657225E-3,-0.5463521E-3,-0.5279966E-3,-0.5106563E-3
-0.2275319E-2,-0.2462349E-2,-0.1861825E-2,-0.1435591E-2,-0.1146997E-2,-0.9515461E-3,-0.8195266E-3,-0.7314547E-3,-0.6743558E-3,-0.6394463E-3,-0.6206742E-3,-0.6137821E-3,-0.6157433E-3,-0.6243698E-3,-0.6380428E-3,-0.6555556E-3,-0.6759822E-3,-0.6986117E-3,-0.7228710E-3,-0.7482969E-3,-0.7744979E-3,-0.8011333E-3,-0.8279036E-3,-0.8545290E-3,-0.8807550E-3,-0.9063352E-3,-0.9310407E-3,-0.9546585E-3,-0.9769886E-3,-0.9978587E-3,-0.1017130E-2,-0.1034683E-2,-0.1050448E-2,-0.1064383E-2,-0.1076484E-2,-0.1086780E-2,-0.1095326E-2,-0.1102195E-2,-0.1107475E-2,-0.1111265E-2,-0.1113666E-2,-0.1114779E-2,-0.1114701E-2,-0.1113530E-2,-0.1111353E-2,-0.1108253E-2,-0.1104302E-2,-0.1099574E-2,-0.1094126E-2,-0.1088016E-2,-0.1081294E-2,-0.1074000E-2,-0.1066175E-2,-0.1057850E-2,-0.1049052E-2,-0.1039805E-2,-0.1030126E-2,-0.1020030E-2,-0.1009526E-2,-0.9986159E-3,-0.9873037E-3,-0.9755842E-3,-0.9634495E-3,-0.9508868E-3,-0.9378787E-3,-0.9244042E-3,-0.9104384E-3,-0.8959505E-3,-0.8809105E-3,-0.8652820E-3,-0.8490317E-3,-0.8321262E-3,-0.8145391E-3,-0.7962543E-3,-0.7772691E-3,-0.7576018E-3,-0.7372978E-3,-0.7164350E-3,-0.6951226E-3,-0.6735083E-3,-0.6517622E-3,-0.6300780E-3,-0.6086514E-3,-0.5876711E-3,-0.5673025E-3,-0.5476807E-3,-0.5289048E-3,-0.5110359E-3,-0.4941042E-3,-0.4781100E-3
0.2543276E-3,0.5258994E-4,-0.7984763E-4,-0.1672799E-3,-0.2295745E-3,-0.2766848E-3,-0.3145869E-3,-0.3469630E-3,-0.3760865E-3,-0.4033751E-3,-0.4297180E-3,-0.4556562E-3,-0.4815154E-3,-0.5074858E-3,-0.5336576E-3,-0.5600583E-3,-0.5866721E-3,-0.6134556E-3,-0.6403364E-3,-0.6672278E-3,-0.6940250E-3,-0.7206104E-3,-0.7468482E-3,-0.7726003E-3,-0.7977198E-3,-0.8220388E-3,-0.8454054E-3,-0.8676650E-3,-0.8886609E-3,-0.9082626E-3,-0.9263573E-3,-0.9428529E-3,-0.9576940E-3,-0.9708533E-3,-0.9823286E-3,-0.9921523E-3,-0.1000377E-2,-0.1007074E-2,-0.1012321E-2,-0.1016210E-2,-0.1018833E-2,-0.1020282E-2,-0.1020648E-2,-0.1020015E-2,-0.1018465E-2,-0.1016070E-2,-0.1012901E-2,-0.1009015E-2,-0.1004472E-2,-0.9993197E-3,-0.9936028E-3,-0.9873600E-3,-0.9806240E-3,-0.9734243E-3,-0.9657846E-3,-0.9577250E-3,-0.9492621E-3,-0.9404054E-3,-0.9311651E-3,-0.9215417E-3,-0.9115367E-3,-0.9011449E-3,-0.8903589E-3,-0.8791643E-3,-0.8675457E-3,-0.8554815E-3,-0.8429483E-3,-0.8299171E-3,-0.8163577E-3,-0.8022377E-3,-0.7875238E-3,-0.7721846E-3,-0.7561962E-3,-0.7395404E-3,-0.7222156E-3,-0.7042390E-3,-0.6856522E-3,-0.6665268E-3,-0.6469672E-3,-0.6271088E-3,-0.6071124E-3,-0.5871583E-3,-0.5674300E-3,-0.5481046E-3,-0.5293373E-3,-0.5112545E-3,-0.4939500E-3,-0.4774813E-3,-0.4618766E-3,-0.4471382E-3
0.2459612E-2,0.2260460E-2,0.1494791E-2,0.9608426E-3,0.5918523E-3,0.3315149E-3,0.1433663E-3,0.3865813E-5,-0.1024061E-3,-0.1856997E-3,-0.2529293E-3,-0.3088171E-3,-0.3566373E-3,-0.3986663E-3,-0.4365079E-3,-0.4712934E-3,-0.5038158E-3,-0.5346311E-3,-0.5641239E-3,-0.5925451E-3,-0.6200515E-3,-0.6467276E-3,-0.6726010E-3,-0.6976512E-3,-0.7218344E-3,-0.7450656E-3,-0.7672556E-3,-0.7883031E-3,-0.8081017E-3,-0.8265509E-3,-0.8435714E-3,-0.8590909E-3,-0.8730711E-3,-0.8854959E-3,-0.8963708E-3,-0.9057298E-3,-0.9136234E-3,-0.9201181E-3,-0.9252893E-3,-0.9292196E-3,-0.9319958E-3,-0.9337003E-3,-0.9344163E-3,-0.9342203E-3,-0.9331868E-3,-0.9313822E-3,-0.9288682E-3,-0.9257006E-3,-0.9219273E-3,-0.9175958E-3,-0.9127455E-3,-0.9074094E-3,-0.9016187E-3,-0.8953968E-3,-0.8887670E-3,-0.8817469E-3,-0.8743486E-3,-0.8665826E-3,-0.8584565E-3,-0.8499703E-3,-0.8411236E-3,-0.8319105E-3,-0.8223238E-3,-0.8123507E-3,-0.8019751E-3,-0.7911758E-3,-0.7799303E-3,-0.7682111E-3,-0.7559899E-3,-0.7432359E-3,-0.7299166E-3,-0.7160029E-3,-0.7014713E-3,-0.6863056E-3,-0.6705024E-3,-0.6540780E-3,-0.6370716E-3,-0.6195481E-3,-0.6016064E-3,-0.5833722E-3,-0.5649954E-3,-0.5466453E-3,-0.5284931E-3,-0.5107045E-3,-0.4934246E-3,-0.4767730E-3,-0.4608364E-3,-0.4456698E-3,-0.4313004E-3,-0.4177302E-3
0.3085884E-2,0.2913755E-2,0.1976773E-2,0.1318964E-2,0.8633381E-3,0.5418115E-3,0.3099572E-3,0.1389685E-3,0.9885671E-5,-0.8997255E-4,-0.1692052E-3,-0.2337312E-3,-0.2876652E-3,-0.3339174E-3,-0.3745424E-3,-0.4110105E-3,-0.4443755E-3,-0.4753870E-3,-0.5045792E-3,-0.5323216E-3,-0.5588680E-3,-0.5843746E-3,-0.6089288E-3,-0.6325670E-3,-0.6552819E-3,-0.6770322E-3,-0.6977572E-3,-0.7173838E-3,-0.7358274E-3,-0.7530121E-3,-0.7688710E-3,-0.7833468E-3,-0.7964105E-3,-0.8080504E-3,-0.8182743E-3,-0.8271149E-3,-0.8346205E-3,-0.8408529E-3,-0.8458807E-3,-0.8497786E-3,-0.8526273E-3,-0.8545002E-3,-0.8554733E-3,-0.8556161E-3,-0.8549965E-3,-0.8536731E-3,-0.8517025E-3,-0.8491342E-3,-0.8460124E-3,-0.8423793E-3,-0.8382697E-3,-0.8337125E-3,-0.8287370E-3,-0.8233634E-3,-0.8176125E-3,-0.8114980E-3,-0.8050329E-3,-0.7982235E-3,-0.7910774E-3,-0.7835933E-3,-0.7757707E-3,-0.7676037E-3,-0.7590839E-3,-0.7501986E-3,-0.7409322E-3,-0.7312661E-3,-0.7211771E-3,-0.7106386E-3,-0.6996253E-3,-0.6881058E-3,-0.6760513E-3,-0.6634332E-3,-0.6502291E-3,-0.6364240E-3,-0.6220133E-3,-0.6070125E-3,-0.5914573E-3,-0.5754092E-3,-0.5589586E-3,-0.5422240E-3,-0.5253449E-3,-0.5084789E-3,-0.4917867E-3,-0.4754227E-3,-0.4595222E-3,-0.4441982E-3,-0.4295318E-3,-0.4155748E-3,-0.4023521E-3,-0.3898670E-3
0.1777410E-2,0.1648885E-2,0.1101362E-2,0.7139867E-3,0.4422941E-3,0.2476430E-3,0.1047230E-3,-0.2949403E-5,-0.8627552E-4,-0.1525706E-3,-0.2068207E-3,-0.2524570E-3,-0.2918909E-3,-0.3268205E-3,-0.3584474E-3,-0.3876305E-3,-0.4149811E-3,-0.4409322E-3,-0.4657859E-3,-0.4897425E-3,-0.5129310E-3,-0.5354224E-3,-0.5572393E-3,-0.5783686E-3,-0.5987788E-3,-0.6184016E-3,-0.6371667E-3,-0.6549934E-3,-0.6717943E-3,-0.6874874E-3,-0.7020108E-3,-0.7153035E-3,-0.7273368E-3,-0.7380932E-3,-0.7475787E-3,-0.7558230E-3,-0.7628638E-3,-0.7687582E-3,-0.7735647E-3,-0.7773527E-3,-0.7801924E-3,-0.7821489E-3,-0.7832913E-3,-0.7836808E-3,-0.7833798E-3,-0.7824388E-3,-0.7809094E-3,-0.7788368E-3,-0.7762590E-3,-0.7732157E-3,-0.7697353E-3,-0.7658456E-3,-0.7615704E-3,-0.7569293E-3,-0.7519400E-3,-0.7466144E-3,-0.7409629E-3,-0.7349916E-3,-0.7287068E-3,-0.7221060E-3,-0.7151879E-3,-0.7079465E-3,-0.7003736E-3,-0.6924567E-3,-0.6841810E-3,-0.6755278E-3,-0.6664756E-3,-0.6569994E-3,-0.6470736E-3,-0.6366704E-3,-0.6257613E-3,-0.6143192E-3,-0.6023234E-3,-0.5897587E-3,-0.5766212E-3,-0.5629245E-3,-0.5487012E-3,-0.5340091E-3,-0.5189318E-3,-0.5035799E-3,-0.4880833E-3,-0.4725889E-3,-0.4572468E-3,-0.4422013E-3,-0.4275790E-3,-0.4134850E-3,-0.3999950E-3,-0.3871589E-3,-0.3750000E-3,-0.3635207E-3
-0.6204259E-3,-0.7077458E-3,-0.5544178E-3,-0.4503647E-3,-0.3851744E-3,-0.3457373E-3,-0.3234751E-3,-0.3128638E-3,-0.3103279E-3,-0.3134974E-3,-0.3207556E-3,-0.3310134E-3,-0.3434850E-3,-0.3576234E-3,-0.3730231E-3,-0.3893765E-3,-0.4064499E-3,-0.4240559E-3,-0.4420331E-3,-0.4602435E-3,-0.4785624E-3,-0.4968696E-3,-0.5150498E-3,-0.5329832E-3,-0.5505582E-3,-0.5676530E-3,-0.5841532E-3,-0.5999485E-3,-0.6149294E-3,-0.6290001E-3,-0.6420829E-3,-0.6541122E-3,-0.6650468E-3,-0.6748632E-3,-0.6835593E-3,-0.6911543E-3,-0.6976800E-3,-0.7031827E-3,-0.7077130E-3,-0.7113300E-3,-0.7140962E-3,-0.7160698E-3,-0.7173097E-3,-0.7178713E-3,-0.7178094E-3,-0.7171690E-3,-0.7159958E-3,-0.7143307E-3,-0.7122065E-3,-0.7096583E-3,-0.7067107E-3,-0.7033903E-3,-0.6997168E-3,-0.6957072E-3,-0.6913776E-3,-0.6867371E-3,-0.6817958E-3,-0.6765582E-3,-0.6710292E-3,-0.6652049E-3,-0.6590855E-3,-0.6526635E-3,-0.6459304E-3,-0.6388749E-3,-0.6314822E-3,-0.6237343E-3,-0.6156116E-3,-0.6070891E-3,-0.5981437E-3,-0.5887470E-3,-0.5788743E-3,-0.5684993E-3,-0.5576019E-3,-0.5461676E-3,-0.5341918E-3,-0.5216888E-3,-0.5086866E-3,-0.4952396E-3,-0.4814255E-3,-0.4673468E-3,-0.4531252E-3,-0.4388971E-3,-0.4248022E-3,-0.4109753E-3,-0.3975350E-3,-0.3845788E-3,-0.3721783E-3,-0.3603790E-3,-0.3492043E-3,-0.3386564E-3
-0.2515591E-2,-0.2582662E-2,-0.1880221E-2,-0.1388632E-2,-0.1056183E-2,-0.8298699E-3,-0.6748808E-3,-0.5685976E-3,-0.4961306E-3,-0.4475133E-3,-0.4159458E-3,-0.3967344E-3,-0.3865813E-3,-0.3831289E-3,-0.3846870E-3,-0.3900078E-3,-0.3981735E-3,-0.4084819E-3,-0.4204035E-3,-0.4335140E-3,-0.4474821E-3,-0.4620279E-3,-0.4769179E-3,-0.4919447E-3,-0.5069321E-3,-0.5217085E-3,-0.5361263E-3,-0.5500474E-3,-0.5633426E-3,-0.5759050E-3,-0.5876466E-3,-0.5984919E-3,-0.6083922E-3,-0.6173185E-3,-0.6252608E-3,-0.6322297E-3,-0.6382511E-3,-0.6433623E-3,-0.6476059E-3,-0.6510337E-3,-0.6536979E-3,-0.6556508E-3,-0.6569452E-3,-0.6576284E-3,-0.6577498E-3,-0.6573494E-3,-0.6564673E-3,-0.6551392E-3,-0.6533941E-3,-0.6512647E-3,-0.6487728E-3,-0.6459393E-3,-0.6427832E-3,-0.6393197E-3,-0.6355612E-3,-0.6315179E-3,-0.6271965E-3,-0.6226008E-3,-0.6177346E-3,-0.6125953E-3,-0.6071797E-3,-0.6014828E-3,-0.5954945E-3,-0.5892051E-3,-0.5825993E-3,-0.5756607E-3,-0.5683695E-3,-0.5607042E-3,-0.5526402E-3,-0.5441529E-3,-0.5352173E-3,-0.5258095E-3,-0.5159093E-3,-0.5055045E-3,-0.4945899E-3,-0.4831766E-3,-0.4712934E-3,-0.4589888E-3,-0.4463349E-3,-0.4334282E-3,-0.4203803E-3,-0.4073193E-3,-0.3943752E-3,-0.3816733E-3,-0.3693244E-3,-0.3574194E-3,-0.3460254E-3,-0.3351850E-3,-0.3249197E-3,-0.3152328E-3
-0.2606375E-2,-0.2679766E-2,-0.1955005E-2,-0.1444652E-2,-0.1097052E-2,-0.8584953E-3,-0.6935110E-3,-0.5789928E-3,-0.4996539E-3,-0.4452340E-3,-0.4087065E-3,-0.3851934E-3,-0.3712621E-3,-0.3644507E-3,-0.3629819E-3,-0.3655476E-3,-0.3711709E-3,-0.3791188E-3,-0.3888278E-3,-0.3998551E-3,-0.4118467E-3,-0.4245169E-3,-0.4376214E-3,-0.4509499E-3,-0.4643240E-3,-0.4775754E-3,-0.4905563E-3,-0.5031310E-3,-0.5151759E-3,-0.5265881E-3,-0.5372805E-3,-0.5471821E-3,-0.5562451E-3,-0.5644394E-3,-0.5717544E-3,-0.5781965E-3,-0.5837881E-3,-0.5885617E-3,-0.5925538E-3,-0.5958102E-3,-0.5983794E-3,-0.6003073E-3,-0.6016396E-3,-0.6024187E-3,-0.6026903E-3,-0.6024896E-3,-0.6018515E-3,-0.6008089E-3,-0.5993887E-3,-0.5976168E-3,-0.5955157E-3,-0.5931021E-3,-0.5903944E-3,-0.5874037E-3,-0.5841433E-3,-0.5806202E-3,-0.5768404E-3,-0.5728083E-3,-0.5685248E-3,-0.5639874E-3,-0.5591950E-3,-0.5541390E-3,-0.5488123E-3,-0.5432035E-3,-0.5372997E-3,-0.5310838E-3,-0.5245379E-3,-0.5176408E-3,-0.5103705E-3,-0.5027030E-3,-0.4946145E-3,-0.4860828E-3,-0.4770890E-3,-0.4676206E-3,-0.4576727E-3,-0.4472565E-3,-0.4363964E-3,-0.4251388E-3,-0.4135505E-3,-0.4017204E-3,-0.3897533E-3,-0.3777672E-3,-0.3658836E-3,-0.3542192E-3,-0.3428770E-3,-0.3319421E-3,-0.3214769E-3,-0.3115216E-3,-0.3020962E-3,-0.2932036E-3
-0.8476106E-3,-0.9416320E-3,-0.7296937E-3,-0.5774848E-3,-0.4739068E-3,-0.4036482E-3,-0.3563067E-3,-0.3250293E-3,-0.3052026E-3,-0.2936934E-3,-0.2882986E-3,-0.2874804E-3,-0.2901206E-3,-0.2954071E-3,-0.3027343E-3,-0.3116407E-3,-0.3217739E-3,-0.3328510E-3,-0.3446500E-3,-0.3569807E-3,-0.3696844E-3,-0.3826163E-3,-0.3956505E-3,-0.4086622E-3,-0.4215413E-3,-0.4341749E-3,-0.4464604E-3,-0.4582979E-3,-0.4695939E-3,-0.4802685E-3,-0.4902527E-3,-0.4994908E-3,-0.5079465E-3,-0.5155978E-3,-0.5224358E-3,-0.5284731E-3,-0.5337297E-3,-0.5382375E-3,-0.5420305E-3,-0.5451530E-3,-0.5476489E-3,-0.5495592E-3,-0.5509264E-3,-0.5517905E-3,-0.5521917E-3,-0.5521623E-3,-0.5517351E-3,-0.5509381E-3,-0.5497966E-3,-0.5483346E-3,-0.5465708E-3,-0.5445216E-3,-0.5422027E-3,-0.5396246E-3,-0.5367983E-3,-0.5337298E-3,-0.5304252E-3,-0.5268867E-3,-0.5231163E-3,-0.5191111E-3,-0.5148675E-3,-0.5103798E-3,-0.5056393E-3,-0.5006367E-3,-0.4953578E-3,-0.4897880E-3,-0.4839096E-3,-0.4777024E-3,-0.4711456E-3,-0.4642169E-3,-0.4568942E-3,-0.4491557E-3,-0.4409839E-3,-0.4323682E-3,-0.4233011E-3,-0.4137945E-3,-0.4038707E-3,-0.3935724E-3,-0.3829612E-3,-0.3721201E-3,-0.3611458E-3,-0.3501491E-3,-0.3392420E-3,-0.3285335E-3,-0.3181192E-3,-0.3080787E-3,-0.2984695E-3,-0.2893300E-3,-0.2806790E-3,-0.2725188E-3
0.1411082E-2,0.1304311E-2,0.8633810E-3,0.5564929E-3,0.3451912E-3,0.1967730E-3,0.9010298E-4,0.1152856E-4,-0.4788110E-4,-0.9406637E-4,-0.1310064E-3,-0.1614394E-3,-0.1872502E-3,-0.2097574E-3,-0.2298951E-3,-0.2483072E-3,-0.2654579E-3,-0.2816724E-3,-0.2971799E-3,-0.3121258E-3,-0.3266077E-3,-0.3406819E-3,-0.3543682E-3,-0.3676676E-3,-0.3805569E-3,-0.3929978E-3,-0.4049469E-3,-0.4163520E-3,-0.4271574E-3,-0.4373126E-3,-0.4467750E-3,-0.4555070E-3,-0.4634869E-3,-0.4707015E-3,-0.4771535E-3,-0.4828564E-3,-0.4878331E-3,-0.4921166E-3,-0.4957406E-3,-0.4987468E-3,-0.5011770E-3,-0.5030688E-3,-0.5044635E-3,-0.5053962E-3,-0.5059056E-3,-0.5060211E-3,-0.5057710E-3,-0.5051840E-3,-0.5042807E-3,-0.5030840E-3,-0.5016118E-3,-0.4998776E-3,-0.4978955E-3,-0.4956753E-3,-0.4932269E-3,-0.4905563E-3,-0.4876669E-3,-0.4845618E-3,-0.4812424E-3,-0.4777053E-3,-0.4739472E-3,-0.4699623E-3,-0.4657423E-3,-0.4612784E-3,-0.4565567E-3,-0.4515637E-3,-0.4462826E-3,-0.4406943E-3,-0.4347796E-3,-0.4285173E-3,-0.4218859E-3,-0.4148658E-3,-0.4074405E-3,-0.3995984E-3,-0.3913344E-3,-0.3826580E-3,-0.3735897E-3,-0.3641695E-3,-0.3544541E-3,-0.3445206E-3,-0.3344589E-3,-0.3243712E-3,-0.3143626E-3,-0.3045339E-3,-0.2949739E-3,-0.2857569E-3,-0.2769369E-3,-0.2685488E-3,-0.2606105E-3,-0.2531252E-3
0.2381563E-2,0.2285755E-2,0.1570089E-2,0.1067671E-2,0.7209230E-3,0.4775483E-3,0.3033921E-3,0.1762724E-3,0.8158222E-4,0.9560315E-5,-0.4642800E-4,-0.9094620E-4,-0.1271925E-3,-0.1574141E-3,-0.1832203E-3,-0.2057602E-3,-0.2258641E-3,-0.2441351E-3,-0.2610039E-3,-0.2767837E-3,-0.2916904E-3,-0.3058793E-3,-0.3194422E-3,-0.3324367E-3,-0.3448944E-3,-0.3568143E-3,-0.3681843E-3,-0.3789770E-3,-0.3891615E-3,-0.3987048E-3,-0.4075778E-3,-0.4157554E-3,-0.4232245E-3,-0.4299780E-3,-0.4360224E-3,-0.4413743E-3,-0.4460553E-3,-0.4500991E-3,-0.4535367E-3,-0.4564064E-3,-0.4587484E-3,-0.4605986E-3,-0.4619934E-3,-0.4629658E-3,-0.4635514E-3,-0.4637766E-3,-0.4636693E-3,-0.4632526E-3,-0.4625477E-3,-0.4615739E-3,-0.4603477E-3,-0.4588816E-3,-0.4571893E-3,-0.4552777E-3,-0.4531563E-3,-0.4508307E-3,-0.4483041E-3,-0.4455785E-3,-0.4426547E-3,-0.4395290E-3,-0.4361990E-3,-0.4326591E-3,-0.4288999E-3,-0.4249142E-3,-0.4206891E-3,-0.4162111E-3,-0.4114643E-3,-0.4064316E-3,-0.4010943E-3,-0.3954318E-3,-0.3894255E-3,-0.3830551E-3,-0.3763061E-3,-0.3691679E-3,-0.3616349E-3,-0.3537154E-3,-0.3454293E-3,-0.3368120E-3,-0.3279175E-3,-0.3188165E-3,-0.3095923E-3,-0.3003403E-3,-0.2911576E-3,-0.2821378E-3,-0.2733639E-3,-0.2649050E-3,-0.2568105E-3,-0.2491143E-3,-0.2418319E-3,-0.2349671E-3
0.1285817E-2,0.1220839E-2,0.8300169E-3,0.5533540E-3,0.3601220E-3,0.2225680E-3,0.1224688E-3,0.4794788E-4,-0.8859552E-5,-0.5324265E-4,-0.8879467E-4,-0.1180191E-3,-0.1426634E-3,-0.1639665E-3,-0.1828193E-3,-0.1998478E-3,-0.2155200E-3,-0.2301575E-3,-0.2440031E-3,-0.2572178E-3,-0.2699150E-3,-0.2821665E-3,-0.2940096E-3,-0.3054601E-3,-0.3165188E-3,-0.3271627E-3,-0.3373642E-3,-0.3470874E-3,-0.3562935E-3,-0.3649453E-3,-0.3730118E-3,-0.3804647E-3,-0.3872876E-3,-0.3934710E-3,-0.3990210E-3,-0.4039480E-3,-0.4082725E-3,-0.4120230E-3,-0.4152257E-3,-0.4179172E-3,-0.4201312E-3,-0.4219010E-3,-0.4232583E-3,-0.4242331E-3,-0.4248570E-3,-0.4251545E-3,-0.4251499E-3,-0.4248650E-3,-0.4243171E-3,-0.4235261E-3,-0.4225041E-3,-0.4212635E-3,-0.4198159E-3,-0.4181685E-3,-0.4163285E-3,-0.4143012E-3,-0.4120894E-3,-0.4096937E-3,-0.4071161E-3,-0.4043523E-3,-0.4013992E-3,-0.3982515E-3,-0.3949013E-3,-0.3913406E-3,-0.3875573E-3,-0.3835388E-3,-0.3792700E-3,-0.3747352E-3,-0.3699160E-3,-0.3647947E-3,-0.3593519E-3,-0.3535698E-3,-0.3474345E-3,-0.3409357E-3,-0.3340677E-3,-0.3268386E-3,-0.3192662E-3,-0.3113839E-3,-0.3032408E-3,-0.2949028E-3,-0.2864471E-3,-0.2779624E-3,-0.2695383E-3,-0.2612624E-3,-0.2532113E-3,-0.2454488E-3,-0.2380220E-3,-0.2309613E-3,-0.2242825E-3,-0.2179880E-3
-0.8897643E-3,-0.9253144E-3,-0.6823888E-3,-0.5141352E-3,-0.4022190E-3,-0.3276515E-3,-0.2780755E-3,-0.2454742E-3,-0.2246129E-3,-0.2119871E-3,-0.2052456E-3,-0.2027507E-3,-0.2033697E-3,-0.2062946E-3,-0.2109438E-3,-0.2168915E-3,-0.2238213E-3,-0.2314898E-3,-0.2397130E-3,-0.2483407E-3,-0.2572458E-3,-0.2663272E-3,-0.2754864E-3,-0.2846410E-3,-0.2937116E-3,-0.3026207E-3,-0.3112971E-3,-0.3196734E-3,-0.3276859E-3,-0.3352791E-3,-0.3424081E-3,-0.3490325E-3,-0.3551277E-3,-0.3606780E-3,-0.3656805E-3,-0.3701388E-3,-0.3740693E-3,-0.3774920E-3,-0.3804300E-3,-0.3829135E-3,-0.3849711E-3,-0.3866318E-3,-0.3879239E-3,-0.3888713E-3,-0.3895050E-3,-0.3898444E-3,-0.3899114E-3,-0.3897251E-3,-0.3893015E-3,-0.3886575E-3,-0.3878044E-3,-0.3867527E-3,-0.3855119E-3,-0.3840897E-3,-0.3824919E-3,-0.3807223E-3,-0.3787834E-3,-0.3766758E-3,-0.3744011E-3,-0.3719544E-3,-0.3693335E-3,-0.3665324E-3,-0.3635441E-3,-0.3603599E-3,-0.3569705E-3,-0.3533616E-3,-0.3495211E-3,-0.3454326E-3,-0.3410800E-3,-0.3364451E-3,-0.3315115E-3,-0.3262620E-3,-0.3206824E-3,-0.3147645E-3,-0.3085017E-3,-0.3019017E-3,-0.2949812E-3,-0.2877705E-3,-0.2803152E-3,-0.2726766E-3,-0.2649256E-3,-0.2571447E-3,-0.2494176E-3,-0.2418248E-3,-0.2344374E-3,-0.2273154E-3,-0.2205020E-3,-0.2140256E-3,-0.2079009E-3,-0.2021305E-3
